protein,Diff,DSSP_H,DSSP_G,DSSP_I,DSSP_E,DSSP_B,DSSP_T,DSSP_S,DSSP_C,LSQ_H1,LSQ_H2,LSQ_AP1,LSQ_AP2,LSQ_P,LSQ_T,LSQ_O,LC_H1,LC_H2,LC_AP1,LC_AP2,LC_P,LC_T,LC_I,LC_B,LC_O
1ADO,0.033063798,0.425,0.033,0,0.138,0.006,0.103,0.065,0.23,0.4241,0.033,0.011,0.0055,0.121,0.1031,0.3024,0.4241,0.033,0.011,0.0055,0.121,0.1031,0,0.0055,0.2969
1ED9,0.031834074,0.278,0.032,0,0.183,0.026,0.133,0.12,0.228,0.2781,0.0323,0.0231,0.0625,0.0968,0.1324,0.3749,0.2781,0.0323,0.0231,0.0625,0.0968,0.1324,0,0.0256,0.3493
1HC9,0.293707494,0.046,0,0,0.368,0,0.161,0.109,0.316,0.0455,0,0.1164,0.2473,0.0341,0.1591,0.3977,0.0455,0,0.1164,0.2473,0.0341,0.1591,0,0,0.3977
5CHA,0.123981674,0.091,0.025,0,0.32,0.027,0.122,0.114,0.301,0.0922,0.0252,0.1454,0.1607,0.0168,0.1237,0.4361,0.0922,0.0252,0.1454,0.1607,0.0168,0.1237,0,0.0273,0.4088
2CGA,0.071847122,0.073,0.061,0,0.32,0.031,0.149,0.094,0.271,0.0733,0.0611,0.1396,0.1598,0.0204,0.1487,0.3971,0.0733,0.0611,0.1396,0.1598,0.0204,0.1487,0,0.0305,0.3666
1FA2,0.062133447,0.311,0.072,0,0.114,0.018,0.127,0.09,0.267,0.3112,0.0723,0.012,0.008,0.0944,0.1265,0.3755,0.3112,0.0723,0.012,0.008,0.0944,0.1265,0,0.0181,0.3574
1BGL,0.065058087,0.103,0.036,0,0.364,0.025,0.113,0.114,0.245,0.102,0.0355,0.0731,0.2427,0.0478,0.1131,0.3857,0.102,0.0355,0.0731,0.2427,0.0478,0.1131,0.0012,0.0252,0.3593
1B8E,0.104332177,0.08,0.062,0,0.42,0,0.074,0.148,0.216,0.0855,0.0658,0.1182,0.3095,0.0197,0.0789,0.3224,0.0855,0.0658,0.1182,0.3095,0.0197,0.0789,0,0,0.3224
1HA7,0.057125394,0.741,0.019,0,0,0,0.091,0.04,0.109,0.7201,0.0208,0,0,0,0.0779,0.1811,0.7201,0.0208,0,0,0,0.0779,0.0303,0,0.1509
1LIN,0.046275769,0.568,0,0,0.054,0,0.081,0.108,0.189,0.5753,0,0.0274,0.0274,0,0.0822,0.2877,0.5753,0,0.0274,0.0274,0,0.0822,0,0,0.2877
1DGF,0.050197072,0.288,0.044,0,0.167,0.02,0.134,0.12,0.228,0.2742,0.0437,0.0518,0.1109,0.004,0.1266,0.3887,0.2742,0.0437,0.0518,0.1109,0.004,0.1266,0.0201,0.0201,0.3486
1KCW,0.272320076,0.084,0.033,0,0.334,0.022,0.139,0.108,0.28,0.0863,0.0343,0.112,0.1772,0.0529,0.1422,0.3951,0.0863,0.0343,0.112,0.1772,0.0529,0.1422,0,0.0225,0.3725
2CTS,0.026782863,0.588,0.023,0,0.014,0.011,0.105,0.062,0.197,0.5721,0.0229,0.0046,0.0092,0,0.0984,0.2929,0.5721,0.0229,0.0046,0.0092,0,0.0984,0.0229,0.0114,0.2586
1NLS,0.053324254,0,0.038,0,0.46,0.008,0.118,0.135,0.241,0,0.038,0.0708,0.3764,0.0127,0.1181,0.384,0,0.038,0.0708,0.3764,0.0127,0.1181,0,0.0084,0.3755
1HRC,0.078941342,0.41,0,0,0,0.019,0.171,0.076,0.324,0.4135,0,0,0,0,0.1731,0.4135,0.4135,0,0,0,0,0.1731,0,0.0192,0.3942
1BB2,0.127815313,0,0.073,0,0.43,0.011,0.084,0.089,0.313,0,0.0773,0.1016,0.263,0.0718,0.0829,0.4033,0,0.0773,0.1016,0.263,0.0718,0.0829,0,0.011,0.3923
4GCR,0.092672813,0.029,0.063,0,0.46,0.023,0.08,0.121,0.224,0.0287,0.0632,0.1245,0.2548,0.0805,0.0805,0.3678,0.0287,0.0632,0.1245,0.2548,0.0805,0.0805,0,0.023,0.3448
1ELP,0.090251627,0.026,0.064,0,0.454,0.023,0.081,0.156,0.197,0.0259,0.0634,0.1138,0.2666,0.072,0.0807,0.3775,0.0259,0.0634,0.1138,0.2666,0.072,0.0807,0,0.0231,0.3545
1M8U,0.13627326,0,0.064,0,0.434,0.012,0.098,0.145,0.249,0,0.0636,0.1024,0.2675,0.0636,0.0983,0.4046,0,0.0636,0.1024,0.2675,0.0636,0.0983,0,0.0116,0.3931
1HA4,0.09971866,0.057,0.063,0,0.448,0.023,0.063,0.144,0.201,0.0571,0.0629,0.1219,0.2438,0.08,0.0629,0.3714,0.0571,0.0629,0.1219,0.2438,0.08,0.0629,0,0.0229,0.3486
1HK0,0.06994467,0,0.081,0,0.486,0.023,0.087,0.127,0.197,0,0.0809,0.0942,0.2931,0.0983,0.0867,0.3468,0,0.0809,0.0942,0.2931,0.0983,0.0867,0,0.0231,0.3237
1QFE,0.029443413,0.409,0.048,0,0.187,0.016,0.091,0.091,0.159,0.3921,0.0475,0.0079,0.0158,0.1624,0.0871,0.2871,0.3921,0.0475,0.0079,0.0158,0.1624,0.0871,0.0198,0.0158,0.2515
2DHQ,0.040838194,0.315,0.123,0,0.171,0,0.089,0.075,0.226,0.3358,0.1314,0,0,0.1825,0.0949,0.2555,0.3358,0.1314,0,0,0.1825,0.0949,0,0,0.2555
3DNI,0.100409318,0.254,0.035,0,0.262,0.023,0.081,0.1,0.246,0.2548,0.0347,0.0645,0.1595,0.0386,0.0811,0.3668,0.2548,0.0347,0.0645,0.1595,0.0386,0.0811,0,0.0232,0.3436
3EST,0.186045391,0.054,0.042,0,0.304,0.017,0.138,0.054,0.392,0.0542,0.0542,0.1323,0.1885,0.0208,0.1708,0.3792,0.0542,0.0542,0.1323,0.1885,0.0208,0.1708,0,0.0333,0.3458
1CF3,0.048116269,0.269,0.072,0,0.192,0.041,0.123,0.091,0.211,0.2633,0.0723,0.0402,0.0854,0.0671,0.1222,0.3494,0.2633,0.0723,0.0402,0.0854,0.0671,0.1222,0.0086,0.0413,0.2995
1GPB,0.044985248,0.441,0.045,0.007,0.15,0.005,0.099,0.069,0.185,0.4374,0.0462,0.0428,0.0349,0.0753,0.096,0.2673,0.4374,0.0462,0.0428,0.0349,0.0753,0.096,0.0255,0.0049,0.2369
1BN6,0.044082467,0.367,0.082,0,0.184,0.01,0.095,0.088,0.173,0.3471,0.0825,0.0135,0.0449,0.1271,0.0859,0.299,0.3471,0.0825,0.0135,0.0449,0.1271,0.0859,0.0344,0.0103,0.2543
1HDA,0.028326076,0.689,0.079,0,0,0,0.093,0.021,0.119,0.6696,0.0783,0,0,0,0.0817,0.1704,0.6696,0.0783,0,0,0,0.0817,0.0261,0,0.1443
1N5U,0.085864314,0.689,0.031,0,0,0,0.097,0.056,0.126,0.6861,0.0309,0,0,0,0.0943,0.1887,0.6861,0.0309,0,0,0,0.0943,0.0086,0,0.1801
1IGT,0.408558943,0.04,0.032,0,0.442,0.02,0.101,0.086,0.28,0.0394,0.0318,0.1085,0.3077,0.0341,0.1039,0.3745,0.0394,0.0318,0.1085,0.3077,0.0341,0.1039,0,0.019,0.3556
1BLF,0.055470346,0.296,0.022,0,0.176,0.003,0.183,0.139,0.181,0.2949,0.0219,0.0559,0.0667,0.054,0.1723,0.3343,0.2949,0.0219,0.0559,0.0667,0.054,0.1723,0.0146,0.0029,0.3168
1LES,0.137958269,0.017,0.026,0,0.47,0.013,0.107,0.116,0.251,0.0174,0.0261,0.0772,0.3912,0.0087,0.1089,0.3704,0.0174,0.0261,0.0772,0.3912,0.0087,0.1089,0,0.0131,0.3573
1AX8,0.040508887,0.562,0.048,0,0,0.014,0.034,0.048,0.295,0.626,0.0534,0,0,0,0.0382,0.2824,0.626,0.0534,0,0,0,0.0382,0,0.0153,0.2672
193L,0.031828066,0.302,0.101,0,0.062,0.047,0.24,0.093,0.155,0.3023,0.1008,0.0248,0.0372,0,0.2403,0.2946,0.3023,0.1008,0.0248,0.0372,0,0.2403,0,0.0465,0.2481
1YMB,0.044964448,0.739,0,0,0,0,0.131,0.02,0.111,0.7124,0,0,0,0,0.1176,0.1699,0.7124,0,0,0,0,0.1176,0.0392,0,0.1307
1A6M,0.027855716,0.742,0.04,0,0,0,0.093,0.02,0.106,0.7417,0.0397,0,0,0,0.0927,0.1258,0.7417,0.0397,0,0,0,0.0927,0,0,0.1258
1K6J,0.125558663,0.338,0.017,0,0.159,0.006,0.111,0.101,0.268,0.3313,0.0186,0.0186,0.0186,0.1393,0.1053,0.3684,0.3313,0.0186,0.0186,0.0186,0.1393,0.1053,0.0495,0.0062,0.3127
1OVA,0.081169535,0.274,0.017,0,0.289,0.009,0.094,0.045,0.272,0.2951,0.0237,0.0674,0.2093,0.0474,0.1238,0.2332,0.2951,0.0237,0.0674,0.2093,0.0474,0.1238,0,0.0053,0.2279
1DOT,0.065831483,0.261,0.031,0,0.166,0.007,0.157,0.176,0.201,0.258,0.0306,0.0525,0.0656,0.0481,0.1458,0.3994,0.258,0.0306,0.0525,0.0656,0.0481,0.1458,0.0146,0.0073,0.3776
1PPN,0.089360736,0.231,0.028,0,0.179,0.042,0.132,0.104,0.283,0.2311,0.0283,0.07,0.0951,0.0142,0.1321,0.4292,0.2311,0.0283,0.07,0.0951,0.0142,0.1321,0,0.0425,0.3868
1OFS,0.115477041,0.009,0.032,0,0.464,0.009,0.117,0.106,0.264,0.0087,0.0325,0.0737,0.3905,0.0087,0.1193,0.3666,0.0087,0.0325,0.0737,0.3905,0.0087,0.1193,0,0.0087,0.3579
1AIR,0.079049993,0.088,0.042,0,0.32,0.02,0.079,0.178,0.272,0.0881,0.0426,0.0076,0.0038,0.3097,0.0795,0.4688,0.0881,0.0426,0.0076,0.0038,0.3097,0.0795,0,0.0199,0.4489
2PSG,0.229136697,0.07,0.078,0,0.362,0.011,0.105,0.081,0.292,0.1081,0.0973,0.1118,0.2125,0.0622,0.1135,0.2946,0.1081,0.0973,0.1118,0.2125,0.0622,0.1135,0,0.0108,0.2838
3PMG,0.046510254,0.33,0.027,0,0.25,0.007,0.127,0.088,0.171,0.3226,0.0267,0.044,0.1467,0.0606,0.1176,0.2816,0.3226,0.0267,0.044,0.1467,0.0606,0.1176,0.0143,0.0071,0.2602
3PGK,0.01050768,0.345,0,0,0.111,0.005,0.041,0.229,0.27,0.3446,0,0.0096,0.0096,0.0916,0.041,0.5036,0.3446,0,0.0096,0.0096,0.0916,0.041,0,0.0048,0.4988
1UNE,0.039675993,0.447,0.049,0,0.065,0.024,0.163,0.057,0.195,0.4472,0.0488,0.0325,0.0325,0,0.1626,0.2764,0.4472,0.0488,0.0325,0.0325,0,0.1626,0,0.0244,0.252
1HNN,0.039374247,0.309,0.043,0,0.229,0.007,0.113,0.078,0.222,0.3333,0.0345,0.035,0.0953,0.1073,0.1188,0.2759,0.3333,0.0345,0.035,0.0953,0.1073,0.1188,0,0.0115,0.2644
1A49,0.045110939,0.354,0.031,0,0.189,0.012,0.117,0.106,0.191,0.3598,0.0332,0.0287,0.0535,0.1092,0.1188,0.2968,0.3598,0.0332,0.0287,0.0535,0.1092,0.1188,0,0.013,0.2838
1RHS,0.063028687,0.291,0.034,0,0.125,0.024,0.125,0.122,0.28,0.2935,0.0341,0.0128,0.0043,0.1092,0.1263,0.4198,0.2935,0.0341,0.0128,0.0043,0.1092,0.1263,0,0.0239,0.3959
3RN3,0.073856534,0.177,0.032,0,0.331,0.024,0.145,0.105,0.185,0.1774,0.0323,0.1227,0.1918,0.0161,0.1452,0.3145,0.1774,0.0323,0.1227,0.1918,0.0161,0.1452,0,0.0242,0.2903
1BA7,0.051134049,0,0.017,0,0.334,0.061,0.11,0.099,0.378,0,0.018,0.2131,0.1461,0,0.1138,0.509,0,0.018,0.2131,0.1461,0,0.1138,0,0.0599,0.4491
1CBJ,0.151736607,0.013,0.03,0,0.391,0.026,0.162,0.142,0.235,0.0132,0.0297,0.1417,0.2279,0.0198,0.1617,0.4059,0.0132,0.0297,0.1417,0.2279,0.0198,0.1617,0,0.0264,0.3795
1THW,0.158538678,0.106,0,0,0.357,0.029,0.126,0.14,0.242,0.1063,0,0.0676,0.2464,0.0435,0.1256,0.4106,0.1063,0,0.0676,0.2464,0.0435,0.1256,0,0.029,0.3816
7TIM,0.039949952,0.389,0.057,0,0.162,0.008,0.107,0.063,0.215,0.3879,0.0566,0,0,0.1616,0.1071,0.2869,0.3879,0.0566,0,0,0.1616,0.1071,0,0.0081,0.2788
1UBI,0.072859533,0.158,0.092,0,0.316,0.026,0.145,0.039,0.224,0.1579,0.0921,0.1018,0.1745,0.0395,0.1447,0.2895,0.1579,0.0921,0.1018,0.1745,0.0395,0.1447,0,0.0263,0.2632
2NOP,0.042379223,0.597,0.028,0,0.009,0.005,0.08,0.052,0.229,0.6548,0.0329,0.0055,0.0055,0,0.0712,0.2301,0.6548,0.0329,0.0055,0.0055,0,0.0712,0.0603,0.0055,0.1644
2GIF,0.015391792,0.486,0.021,0,0.186,0.004,0.086,0.065,0.151,0.4871,0.0215,0.0633,0.1078,0.0186,0.0852,0.2164,0.4871,0.0215,0.0633,0.1078,0.0186,0.0852,0.0116,0.0039,0.201
1QHJ,0.128247971,0.685,0.012,0,0.048,0,0.085,0.032,0.137,0.7237,0.0132,0.0263,0.0263,0,0.0921,0.1184,0.7237,0.0132,0.0263,0.0263,0,0.0921,0.0219,0,0.0965
1NQH,0.06294587,0.035,0.02,0,0.552,0.005,0.062,0.131,0.194,0.0359,0.0205,0.043,0.5057,0.012,0.0632,0.3197,0.0359,0.0205,0.043,0.5057,0.012,0.0632,0,0.0051,0.3145
1L7V,0.02861883,0.552,0.018,0,0.059,0.014,0.09,0.061,0.205,0.5777,0.0189,0.0091,0.025,0.0323,0.0916,0.2453,0.5777,0.0189,0.0091,0.025,0.0323,0.0916,0.0144,0.0144,0.2165
1KPK,0.088349017,0.625,0.019,0,0,0.004,0.121,0.063,0.167,0.657,0.02,0,0,0,0.1265,0.1964,0.657,0.02,0,0,0,0.1265,0,0.0044,0.192
1BE3,0.084212459,0.44,0.089,0.008,0,0.037,0.1,0.082,0.245,0.4551,0.0389,0.0147,0.0698,0.0087,0.1034,0.3094,0.4551,0.0389,0.0147,0.0698,0.0087,0.1034,0.0097,0.0083,0.2914
2DYR,0.15269368,0.544,0.026,0,0.051,0.009,0.093,0.075,0.202,0.5345,0.0262,0.0128,0.0263,0.012,0.0868,0.3014,0.5345,0.0262,0.0128,0.0263,0.012,0.0868,0.0218,0.0089,0.2707
1FEP,0.169812211,0.033,0.022,0,0.477,0.011,0.106,0.075,0.276,0.0351,0.0249,0.0543,0.4405,0.022,0.1127,0.3104,0.0351,0.0249,0.0543,0.4405,0.022,0.1127,0,0.0117,0.2987
1FCP,0.040146387,0.02,0.026,0,0.526,0.011,0.111,0.108,0.199,0.0213,0.027,0.0662,0.4501,0.0199,0.1106,0.305,0.0213,0.027,0.0662,0.4501,0.0199,0.1106,0,0.0113,0.2936
2NR9,0.055355323,0.617,0.041,0,0,0,0.107,0.077,0.158,0.6302,0.0417,0,0,0,0.1094,0.2188,0.6302,0.0417,0,0,0,0.1094,0,0,0.2188
1J95,0.088995201,0.534,0,0,0,0,0.106,0.048,0.312,0.6759,0,0,0,0,0.1342,0.1899,0.6759,0,0,0,0,0.1342,0,0,0.1899
1XL4,0.054584816,0.259,0.015,0,0.289,0.007,0.106,0.075,0.249,0.2751,0.0159,0.0857,0.1965,0.0247,0.1129,0.2892,0.2751,0.0159,0.0857,0.1965,0.0247,0.1129,0,0.0071,0.2822
2CFQ,0.070848785,0.676,0,0,0,0.007,0.139,0.091,0.086,0.6187,0.0072,0,0,0,0.1223,0.2518,0.6187,0.0072,0,0,0,0.1223,0.0743,0,0.1775
2A65,0.045747249,0.73,0,0,0.008,0.004,0.106,0.048,0.104,0.6824,0,0,0.0078,0,0.0784,0.2314,0.6824,0,0,0.0078,0,0.0784,0.0902,0.0039,0.1373
1NKZ,0.048399356,0.691,0.032,0,0,0,0.053,0.043,0.181,0.6794,0.0314,0,0,0,0.0523,0.2369,0.6794,0.0314,0,0,0,0.0523,0,0,0.2369
2OAR,0.095374447,0.528,0,0,0.034,0,0.036,0.013,0.39,0.6518,0,0,0.0477,0,0.0397,0.2607,0.6518,0,0,0.0477,0,0.0397,0.0874,0,0.1733
2VDF,0.090527093,0.016,0,0,0.668,0.008,0.028,0.028,0.253,0.0175,0,0.1325,0.588,0.0175,0.0306,0.214,0.0175,0,0.1325,0.588,0.0175,0.0306,0,0.0087,0.2052
3JQO,0.095365509,0.114,0.02,0,0.288,0.01,0.092,0.085,0.391,0.1339,0.0254,0.1393,0.1737,0.0169,0.1039,0.4068,0.1339,0.0254,0.1393,0.1737,0.0169,0.1039,0,0.0113,0.3956
1PCR,0.053944644,0.45,0.032,0,0.078,0.022,0.121,0.085,0.211,0.4509,0.0327,0.0323,0.0416,0.0061,0.1127,0.3236,0.4509,0.0327,0.0323,0.0416,0.0061,0.1127,0.0242,0.023,0.2764
2WJN,0.046308877,0.402,0.08,0,0.059,0.025,0.12,0.094,0.22,0.3898,0.0809,0.0269,0.0301,0.0026,0.1132,0.3566,0.3898,0.0809,0.0269,0.0301,0.0026,0.1132,0.0272,0.0255,0.3038
1HZX,0.064373309,0.57,0.03,0,0.034,0,0.092,0.064,0.209,0.5673,0.0292,0.0175,0.0175,0,0.0906,0.2778,0.5673,0.0292,0.0175,0.0175,0,0.0906,0.0292,0,0.2485
1RH5,0.064743225,0.561,0.011,0,0.021,0.007,0.078,0.064,0.258,0.6188,0.012,0.018,0.006,0,0.0838,0.2615,0.6188,0.012,0.018,0.006,0,0.0838,0.016,0.008,0.2375
1T5S,0.029016884,0.427,0.031,0.005,0.161,0.003,0.111,0.098,0.165,0.4266,0.0312,0.043,0.0798,0.0382,0.1107,0.2706,0.4266,0.0312,0.043,0.0798,0.0382,0.1107,0.005,0.003,0.2626
1NEK,0.028138052,0.431,0.122,0.014,0,0.018,0.099,0.097,0.219,0.4304,0.0177,0.0419,0.0375,0.043,0.099,0.3305,0.4304,0.0177,0.0419,0.0375,0.043,0.099,0,0.014,0.3165
1A0S,0.089569159,0,0.068,0,0.55,0.01,0.115,0.102,0.157,0,0.0677,0.0656,0.4711,0.0121,0.1144,0.2691,0,0.0677,0.0656,0.4711,0.0121,0.1144,0,0.0097,0.2595
2J58,0.069646309,0.224,0.036,0,0.24,0.045,0.139,0.07,0.247,0.2254,0.0357,0.0612,0.132,0.0532,0.14,0.3525,0.2254,0.0357,0.0612,0.132,0.0532,0.14,0.014,0.0452,0.2933
