WL,1ED9,1FA2,1NLS,1M8U,193L,3EST,1ELP,1BA7,2GIF,1DOT,1A49,1HZX,2CGA,2NOP,1BLF,1QFE,1DGF,1RH5,3PMG,1CBJ,3PGK,7TIM,2DHQ,1ADO,3RN3,1PPN,1B8E,2WJN,1UBI,1LES,1NEK,1LIN,2BB2,1OVA,1XL4,1YMB,1T5S,3DNI,1FCP,2OAR,5CHA,1UNE,1IGT,1L7V,1HDA,1AIR,1FEP,3JQO,2A65,1CF3,2PSG,1A6M,1HRC,2J58,1AX8,1RHS,1J95,1BE3,1NKZ,1HNN,1AOS,1BN6,2VDF,1OFS,1HC9,1HA4,1KCW,1HK0,1K6J,1THW,2NR9,1GPB,1NQH,1PCR,4GCR,2CTS,1HA7,1N5U,1KPK,2CFQ,2DYR,1QHJ
180,0.150928538,0.433371547,-2.816587691,-1.754225676,1.096399067,-1.008089805,-1.488967714,-0.754387143,2.224744914,0.500511805,0.887280891,3.315541849,-0.16295068,3.465953499,0.678929992,1.005422818,0.541677356,3.065554482,0.644359401,-1.866130792,1.098067408,1.736544614,1.121057567,1.852900624,0.324367436,1.186984758,-0.795207787,2.346173362,-0.469694475,-2.672577862,2.073555368,3.048805916,-1.625061035,0.770406489,0.151909306,4.299416439,1.953885587,-0.33524753,-3.096560361,2.29794852,-0.376461667,2.423022599,-1.804750648,2.661976104,4.011952989,-2.415621707,-2.77937435,0.418980081,4.230097195,0.488753049,-1.365758903,4.686947113,1.69244329,0.263682377,3.791613997,-0.078015289,2.820447603,1.858616843,5.169705875,0.528134772,-1.424753901,0.996512611,-2.543346499,-2.744394225,-2.02725184,-0.853759813,-1.277675997,-2.05805735,-0.256595764,-1.161133068,3.876171557,1.953191415,-3.50620507,1.957373251,-1.795106916,3.253798087,4.787279566,4.812981055,3.953516714,3.400422415,2.785603794,4.839280911
181,0.613927076,0.933629814,-2.468821576,-1.327015716,1.429286511,-0.744413258,-1.048108528,-0.409456849,2.769532706,0.904962014,1.349096767,3.828756722,0.129466765,3.986483236,1.066115712,1.518139859,0.988267627,3.594111686,1.187656286,-1.556813607,1.628250436,2.294910881,1.632567488,2.365682353,0.584989232,1.460686265,-0.31346409,2.80110272,-0.116314319,-2.322805985,2.54654722,3.582890541,-1.17776016,1.371342217,0.506082661,4.937272636,2.525527554,0.043257433,-2.638274452,2.789467351,-0.047662726,2.784409899,-1.396220898,3.210867785,4.471787978,-1.977900647,-2.405832893,0.72566176,4.871345978,0.950542919,-1.086704214,5.287050733,1.984610497,0.826098084,4.374776108,0.385705342,3.274787587,2.328340142,5.836570512,0.966465192,-1.087046957,1.433195981,-2.023829627,-2.399361859,-1.814437802,-0.257550298,-0.998892949,-1.656466943,0.166953843,-0.830359241,4.478959972,2.485143535,-2.993377671,2.412964901,-1.336440582,3.795946624,5.432710201,5.484470806,4.613648965,3.964349497,3.293404555,5.537034219
182,1.104509605,1.466902029,-2.093051576,-0.843415743,1.833948721,-0.452654683,-0.557077607,-0.055506527,3.365437673,1.319991207,1.876747213,4.418870939,0.433670581,4.583594371,1.514880313,2.102001249,1.508631269,4.193827879,1.796984041,-1.222487966,2.136386096,2.950692219,2.218931702,2.925979724,0.849478005,1.75318167,0.219346932,3.354529248,0.261616319,-1.939241162,3.085457429,4.190896789,-0.666035175,2.00168479,0.910703777,5.659636783,3.156367982,0.468222459,-2.116404306,3.333733372,0.302953733,3.190389699,-0.945853172,3.891016242,5.032206669,-1.46927069,-1.973944395,1.083322479,5.598117737,1.559223875,-0.744166604,5.986863061,2.266002413,1.323521999,5.013830289,0.893382458,3.757707473,2.861767117,6.567170106,1.453778008,-0.609993691,1.907042606,-1.435655528,-2.025022617,-1.561923402,0.365049065,-0.699595796,-1.224212565,0.615506519,-0.477849584,5.158467795,3.090851482,-2.363509685,2.93887984,-0.786373952,4.499150032,6.173913691,6.234148001,5.354551788,4.594370745,3.893229098,6.299324025
183,1.576407645,2.044411651,-1.702554585,-0.319786268,2.234971969,-0.160697771,-0.030369027,0.299975576,4.022405721,1.791333223,2.432880793,5.104406616,0.732855941,5.291658468,1.914963996,2.742689914,2.045361714,4.875640373,2.422505116,-0.869485137,2.814915821,3.647328842,2.907741981,3.455136568,1.095633728,2.086466052,0.776105917,3.945113372,0.697356718,-1.535754952,3.676147657,4.866061875,-0.10471466,2.625557053,1.330242906,6.440500517,3.830958887,0.937573662,-1.544510397,3.965395454,0.671433259,3.60606634,-0.481777223,4.63997104,5.70598955,-0.916272505,-1.51397345,1.508527113,6.339306944,2.218100501,-0.373113448,6.816306703,2.562990027,1.721952133,5.765622486,1.425724248,4.302120075,3.454899151,7.423095678,1.999228344,-0.110952154,2.621633383,-0.812663985,-1.636193873,-1.339754513,1.009074612,-0.397066524,-0.727448913,1.109753632,-0.12175872,5.958408266,3.731317756,-1.651913381,3.521588677,-0.173793728,5.339733279,7.011419666,7.087140747,6.155512809,5.263080274,4.580866065,7.112290301
184,2.13714837,2.650006642,-1.277674108,0.231463357,2.703587,0.117666759,0.507064437,0.598183168,4.816113787,2.303609878,3.065138765,5.909841926,0.994556265,6.11452145,2.376993818,3.505786355,2.646778523,5.690210486,3.114608928,-0.501684143,3.506206928,4.401225613,3.680150912,4.140603258,1.345267046,2.384761865,1.320375268,4.648974216,1.174143326,-1.109120577,4.351345428,5.682755521,0.485391775,3.245012117,1.785628811,7.351397928,4.571310516,1.50875955,-0.955480411,4.688864234,1.005859518,4.096839344,-0.017053017,5.434878463,6.521437447,-0.295957854,-1.02649957,1.868489161,7.176480192,2.881553751,0.03419382,7.796642514,2.885549836,2.346154021,6.67834224,2.003647835,4.945763307,4.135327153,8.443034391,2.605358404,0.490349528,3.424424636,-0.187447686,-1.21849963,-1.096463877,1.602269509,-0.111424219,-0.197415952,1.677189556,0.254714275,6.824742051,4.418493881,-0.928036706,4.210197164,0.485411013,6.247521517,7.987042974,8.038640772,7.018260232,6.045198477,5.373335068,8.051003667
185,2.742035036,3.217892235,-0.813585069,0.75462412,3.164052093,0.374076789,1.01257531,0.888792738,5.663656681,2.820733751,3.732552653,6.7529529,1.200731648,6.948085305,2.878892814,4.30733326,3.232954963,6.551699851,3.822397658,-0.153841003,4.229822361,5.160515836,4.371662294,4.914987748,1.607853715,2.711084704,1.817905035,5.378970866,1.658511025,-0.638784836,5.092251515,6.568540489,1.039806204,3.878124799,2.26837002,8.370052853,5.38674647,2.054838353,-0.392260415,5.444075043,1.328809754,4.622489562,0.443419863,6.286337364,7.423976357,0.344245655,-0.518559414,2.258420888,8.08021652,3.478910273,0.430447034,8.887115384,3.202609627,2.997430592,7.573841728,2.610390336,5.59999269,4.852828918,9.512413754,3.216341389,1.085340377,3.986506333,0.410754334,-0.75886021,-0.835296121,2.100740415,0.15876817,0.324425261,2.277994795,0.661568808,7.715442366,5.131579906,-0.196489705,4.957441165,1.151852254,7.194892885,9.068435235,9.062021929,7.928838078,6.883368318,6.223751108,9.074895285
186,3.307969978,3.762670987,-0.319556137,1.24398098,3.644148866,0.557344699,1.484518016,1.078701828,6.566360996,3.322232232,4.405784422,7.642386085,1.30550177,7.838226064,3.319046204,5.152881776,3.797191029,7.453366348,4.506954253,0.134817259,5.075323301,5.870582558,5.072662949,5.779225151,1.826733656,3.014825441,2.286772975,6.099921054,2.167809796,-0.137800426,5.830447186,7.505566689,1.563943295,4.486749494,2.770085859,9.492523034,6.242842901,2.586963166,0.23659349,6.241402169,1.560392699,5.162343869,0.887583458,7.182232103,8.480891956,0.979455439,0.034261696,2.543207354,9.084473729,4.03899402,0.831770676,10.09890281,3.508029592,3.403061873,8.527200318,3.237948122,6.28651677,5.597979866,10.65863742,3.8300051,1.655214705,4.562594613,1.035121853,-0.267646143,-0.598848624,2.496427784,0.361223219,0.877326516,2.935040263,1.07478132,8.676078443,5.899355279,0.591095878,5.727154903,1.727340502,8.085586477,10.25537858,10.1787235,8.90339614,7.828364201,7.116688375,10.19268499
187,3.899861122,4.338611831,0.235305074,1.721554967,4.118840546,0.689415232,1.931075732,1.155566454,7.514293849,3.824367673,5.087982271,8.648105635,1.32749905,8.87247389,3.69689572,6.058544883,4.38505273,8.508026003,5.221235775,0.367585357,5.84766983,6.525746073,5.776864942,6.789494172,2.027345502,3.298272173,2.709232389,6.84903577,2.676192896,0.41728635,6.646089922,8.585659145,2.07920982,5.125737388,3.307524601,10.68234024,7.087560445,3.16532701,0.893264993,7.155058893,1.730468652,5.710481353,1.317660173,8.190340434,9.667749731,1.576630078,0.649206016,2.79844927,10.18008764,4.567893962,1.266161354,11.40203233,3.864933916,3.978081441,9.629282678,3.833198653,7.095152317,6.407290725,11.9503602,4.46102679,2.214810879,5.249780655,1.686541469,0.278590499,-0.358377052,2.852366142,0.524764962,1.406213922,3.569997636,1.484957578,9.745108923,6.676877028,1.52760936,6.558407442,2.313474345,9.134550842,11.53721337,11.38850781,9.966505747,8.873240023,8.121348147,11.36465292
188,4.40197306,4.872472275,0.800210117,2.125849656,4.575386166,0.769602508,2.329664585,1.098741102,8.445329455,4.344597946,5.771966044,9.642229453,1.264022094,9.884914454,4.106844918,6.893475745,4.902734191,9.556703256,5.866659218,0.538732524,6.526731443,7.126498145,6.437981161,7.768220705,2.229034743,3.528132943,3.106575788,7.609439016,3.132118035,0.971849002,7.473264602,9.660270489,2.518958792,5.665972905,3.827993539,11.91350839,7.95575065,3.705876322,1.566082377,8.048661666,1.814207368,6.301901011,1.72314638,9.197693437,10.9376415,2.151981762,1.261263226,2.939506953,11.3088027,5.092044439,1.67147094,12.74277352,4.191538814,4.307921702,10.70567779,4.363111651,7.876838171,7.228857559,13.21907816,5.077244685,2.825112242,5.985663117,2.257846388,0.835896249,-0.144885506,3.195238316,0.645353569,1.905131988,4.140779206,1.835817272,10.80590499,7.469900471,2.366331831,7.410608609,2.850802941,10.17077098,12.84069501,12.59171699,11.01617599,9.982513567,9.124106458,12.50816994
189,4.856539474,5.31603099,1.383991841,2.438751042,4.971166762,0.778781904,2.652742674,0.897442985,9.324210928,4.803161418,6.396626741,10.57688367,1.116268942,10.84337989,4.427178943,7.69017978,5.311678287,10.54016323,6.461573885,0.624929086,7.086102419,7.6345394,7.052796794,8.681922693,2.421167332,3.66401381,3.433399584,8.240890338,3.498304134,1.539892838,8.274420099,10.65225984,2.86164994,6.109187436,4.292157068,13.09874542,8.784744645,4.185355403,2.248103611,8.894131711,1.794900796,6.827653039,2.081166566,10.16979252,12.21971696,2.597345137,1.909909287,2.984142412,12.37732966,5.537015582,2.036119151,14.04929043,4.56149131,4.566403905,11.69779777,4.832317467,8.637879334,8.007111368,14.4023416,5.660993134,3.410183308,6.801857041,2.821777833,1.410019124,0.026104537,3.41327818,0.716714277,2.414998115,4.667095174,2.168135461,11.81196766,8.181054501,3.304760768,8.19457542,3.341683234,11.21466523,14.0831063,13.72621991,12.00439003,11.08243005,10.07200461,13.55739412
190,5.238053467,5.656659781,1.980718839,2.642849791,5.263545346,0.713000468,2.878146119,0.507785469,10.10609982,5.088394831,6.938165595,11.3896849,0.85812239,11.6767048,4.714990471,8.44711304,5.627120798,11.37869706,7.008225712,0.617810209,7.438785667,7.987961889,7.555453303,9.54089471,2.578253716,3.627380184,3.671418456,8.793114232,3.771501818,2.095559768,8.9766575,11.49362896,3.080124606,6.47690823,4.70938249,14.2026644,9.441354166,4.65223567,2.859443588,9.631929269,1.63322722,7.330495133,2.374257849,11.04964686,13.39922282,2.976198715,2.540463132,2.857358615,13.37976863,5.863726199,2.349995626,15.23560498,4.93881847,4.689833502,12.53460454,5.231068275,9.315832741,8.699201071,15.39756254,6.160553945,3.940088674,7.530864649,3.335380134,1.986646561,0.198957259,3.501008388,0.715095574,2.840779529,5.118812835,2.490398972,12.71601748,8.765342113,4.177869271,8.895484628,3.715445868,12.19831134,15.19176195,14.70881747,12.88871812,12.17387215,10.90748326,14.42561097
191,5.493789123,5.777181221,2.534776264,2.738442974,5.406270338,0.577970197,3.014695422,-0.023617129,10.6649662,5.208079618,7.306722531,11.9551876,0.521631884,12.24925525,4.851590867,9.047503849,5.742903125,11.95937313,7.392264855,0.505510315,7.644893955,8.162375432,7.846674844,10.17595603,2.683861633,3.48571302,3.814190102,9.142643718,3.890972412,2.604852815,9.510840681,12.08485466,3.184262632,6.68786181,5.013026801,15.05433846,9.864771514,4.962313577,3.451598143,10.1774369,1.367953323,7.674281723,2.609044785,11.67829696,14.3467984,3.223774975,3.126643046,2.595680747,14.16753195,6.07318793,2.541487228,16.13923455,5.235681622,4.700211994,13.06979676,5.513653755,9.792016241,9.212312655,16.0445135,6.491564825,4.39767352,7.929105102,3.793418606,2.522323767,0.331017509,3.530760126,0.673754903,3.178482726,5.458017755,2.744325983,13.34744841,9.162305574,4.942949818,9.421940508,4.027201528,12.89023512,16.01101369,15.38719001,13.49903967,13.08308334,11.51738107,15.00593757
192,5.60161483,5.783679066,3.038522758,2.749433239,5.435533014,0.363170247,3.058045069,-0.728632254,11.00577555,5.232544446,7.508236782,12.22716147,0.083279922,12.52804321,4.87399742,9.493072099,5.691718398,12.2062128,7.592117656,0.300592443,7.822055677,8.1868432,8.021798277,10.53764733,2.699650389,3.22191047,3.870017327,9.304048839,3.903118946,3.053859947,9.789875312,12.34802008,3.19925332,6.816755297,5.185237546,15.60970235,10.03796757,5.136998358,4.004330062,10.492783,0.977404224,7.829214107,2.756154146,12.02221809,15.02755638,3.359663907,3.67604925,2.19916211,14.73285001,6.168622846,2.621754733,16.70935649,5.433738541,4.611012704,13.29519078,5.685045967,10.02900939,9.528910319,16.30884116,6.662522138,4.770231981,8.282630146,4.2123324,3.001001568,0.443759717,3.380474144,0.573598925,3.517226548,5.693869164,2.964154391,13.69143503,9.343244173,5.692536644,9.731433375,4.176908691,13.14857558,16.50109636,15.74159576,13.80743913,13.79608124,11.84389461,15.26840617
193,5.537442852,5.624987583,3.489640857,2.674406771,5.288482455,0.103978751,3.00465895,-1.566418706,11.09094951,5.185350691,7.529991673,12.20532575,-0.378983973,12.51414464,4.78924291,9.759088597,5.460697243,12.13645133,7.633595915,0.062916761,7.779473152,8.030156026,8.008563776,10.66330016,2.609783801,2.84099049,3.829289309,9.240610922,3.701138294,3.444622578,9.808535248,12.29596359,3.110282444,6.789242547,5.235333734,15.8526994,9.953901617,5.204707938,4.58156338,10.57986509,0.520278468,7.734412947,2.834613722,12.10472325,15.34674094,3.36795563,4.179625089,1.738602769,15.0442891,6.044996344,2.575309034,16.91526804,5.551040234,4.367510345,13.20465491,5.704521037,10.04765354,9.637089089,16.21300995,6.649980163,5.020271462,8.437267922,4.612024752,3.425276239,0.551136694,3.153441792,0.436048904,3.69544622,5.811367701,3.106718876,13.71939653,9.276980814,6.382665971,9.814584187,4.173557872,13.06139352,16.64488446,15.74239489,13.7848646,14.28615227,11.88476406,15.18452094
194,5.326278907,5.295668874,3.836910318,2.526430848,4.99315393,-0.182514966,2.907091764,-2.463378244,10.92264331,5.08505562,7.368789838,11.86004227,-0.875396564,12.16471603,4.638185693,9.69583477,5.028502668,11.73509973,7.41235202,-0.200556638,7.599289994,7.723548372,7.803756982,10.42250219,2.428549625,2.407932705,3.75971538,8.989243454,3.405929609,3.739906788,9.563988758,11.91344183,2.944448436,6.55564139,5.119032528,15.76204769,9.602144707,5.070828917,5.074303538,10.40377665,0.022776736,7.433472338,2.870300336,11.85225064,15.29052713,3.279299998,4.579674076,1.207495325,15.04641068,5.776099222,2.430559342,16.75417819,5.509241926,3.959052188,12.78619579,5.558087173,9.791999355,9.513182372,15.7510426,6.486855076,5.17144805,8.449730191,4.933631488,3.751560388,0.603192186,2.994192233,0.27241388,3.819943721,5.753016194,3.142376185,13.40725902,8.969170976,6.90523733,9.661477619,4.091107962,12.57474814,16.43029646,15.38081904,13.41097649,14.45413244,11.60971213,14.73622745
195,4.973581931,4.786619265,4.059107935,2.300214694,4.572267256,-0.448107506,2.734658467,-3.312745108,10.4239369,4.855309837,7.00572724,11.14435954,-1.33144832,11.41849091,4.415220615,9.375562883,4.467138344,10.93666126,7.003908612,-0.426369396,7.066411734,7.246042156,7.359935436,9.84639407,2.190010061,1.893770477,3.613147191,8.433911811,3.014097103,3.916688318,9.011599631,11.14359614,2.678568653,6.174769473,4.850118409,15.27950387,8.978501293,4.745792943,5.411453958,9.869329045,-0.474129385,6.917945691,2.846371119,11.27622103,14.73267495,2.987707273,4.839613291,0.631906205,14.64216952,5.263614122,2.214456285,16.15891348,5.343007626,3.481521905,11.91426357,5.221903649,9.237107315,9.094997959,14.82230162,6.148699256,5.157345807,8.20566423,5.183316162,3.958536537,0.641084888,2.778111429,0.131930848,3.83089364,5.538225174,3.093235486,12.70843238,8.397567883,7.215487795,9.204209698,3.90196118,11.73070287,15.77154205,14.58927375,12.6718554,14.26565458,10.97713107,13.89051289
196,4.47534438,4.077614306,4.131743688,2.020059611,3.909445416,-0.732061634,2.49681033,-4.078392259,9.53314774,4.343765302,6.425544806,10.0593609,-1.777996137,10.32088696,4.045079623,8.77790188,3.824356445,9.743074513,6.366608364,-0.649952442,6.30688414,6.558282806,6.663399126,8.980030765,1.815096647,1.311230854,3.368295023,7.56800172,2.479795742,3.955363374,8.106280607,9.959738032,2.351153555,5.566919379,4.422708976,14.29726723,8.019000425,4.269550256,5.57378445,8.983038859,-0.978660824,6.147972606,2.744228902,10.34477062,13.57308646,2.6496215,4.934011404,-0.005756348,13.76268054,4.555095823,1.931949431,15.02423196,4.944193909,2.879843178,10.63419486,4.705235399,8.344173962,8.336019936,13.43278618,5.628908334,4.988803499,7.690486555,5.3284462,4.020487515,0.62474878,2.519579658,-0.039642341,3.738198188,5.136777775,2.933934257,11.58673894,7.55081226,7.276142997,8.402826839,3.583660647,10.62814971,14.59446733,13.30461627,11.51060228,13.57174054,9.977312209,12.57146821
197,3.797243446,3.221657601,4.031112305,1.704085134,3.042243552,-1.016644774,2.190514088,-4.733782897,8.222121181,3.539799813,5.589475627,8.614122628,-2.194208979,8.8784579,3.413725298,7.831955568,3.078532729,8.197491359,5.456882945,-0.853070754,5.309406463,5.672857978,5.719907019,7.793129626,1.336588661,0.719789432,3.004547442,6.32840704,1.867384741,3.839540049,6.861154169,8.4106591,1.985546653,4.760918462,3.82298801,12.74301315,6.761401485,3.6207013,5.547777677,7.72292265,-1.466368335,5.144423356,2.550595127,9.016489065,11.78764045,2.217348197,4.841931276,-0.678028062,12.34244297,3.702857876,1.58706594,13.29543459,4.246582673,2.219425263,8.968834614,3.962765514,7.105960371,7.207733532,11.57716415,4.887918355,4.661409864,6.820536374,5.335420699,3.917516853,0.53162112,2.178842647,-0.21100135,3.511564409,4.528272859,2.6052792,10.02989266,6.397861938,7.068412158,7.226625396,3.153568271,9.206033483,12.85195206,11.50813941,9.916138138,12.31633077,8.609403093,10.78606503
198,2.950416386,2.247781034,3.809824042,1.352609449,2.022458448,-1.29950781,1.803451177,-5.274516646,6.586129948,2.568253066,4.539776386,6.846936118,-2.579363272,7.110528926,2.626495898,6.60864293,2.232042725,6.276989138,4.34608301,-1.048673334,4.133703311,4.626492658,4.584844158,6.343001647,0.765089845,0.116618262,2.50005059,4.864101505,1.200602315,3.615601189,5.296319527,6.481212494,1.582114655,3.836645661,3.068820459,10.67487452,5.243930703,2.846976129,5.397213903,6.127625412,-1.93950389,3.906542568,2.260753861,7.363564294,9.49013521,1.7421434,4.621613951,-1.337953706,10.3893505,2.764849318,1.158459828,11.04009252,3.303012282,1.484531173,6.92121684,3.055310699,5.52690469,5.784340623,9.273726872,3.949165741,4.216630804,5.721949028,5.195016487,3.698881208,0.391204459,1.639301676,-0.400875487,3.225309354,3.717125356,2.167627951,8.077223509,4.982333737,6.704190335,5.752791783,2.630797441,7.520610846,10.60745257,9.271210169,7.947885468,10.4962711,6.924594375,8.623682569
199,2.003698207,1.200553529,3.518004594,0.941986556,0.902927616,-1.551498085,1.332974626,-5.677596223,4.803057,1.518676115,3.362705258,4.908822638,-2.874511526,5.143865203,1.733425755,5.165157982,1.31119959,4.209410762,3.158620038,-1.217545012,2.854476886,3.472168324,3.307983383,4.709126686,0.120036322,-0.453348688,1.892182826,3.229694033,0.461144023,3.327123678,3.592821595,4.425274702,1.108209771,2.826802074,2.237445685,8.308869715,3.65825755,2.022017127,5.146579727,4.364683991,-2.357030871,2.582005859,1.895775357,5.526564026,6.919814224,1.202688088,4.316306681,-1.952703705,8.101336658,1.7417412,0.677543207,8.480232238,2.271040497,0.709208612,4.653267632,2.041466874,3.808067418,4.20419584,6.748229084,2.891177931,3.738744123,4.369812335,4.936276262,3.414443197,0.229637621,0.945323517,-0.59900478,2.841425955,2.779667507,1.667213379,5.91273514,3.409231914,6.212990672,4.101369878,1.978271509,5.629821588,8.086004421,6.827853006,5.801892042,8.311087124,5.076731711,6.274746822
200,1.057916003,0.186815016,3.168951608,0.510557328,-0.189020962,-1.77874212,0.841099247,-5.893030819,3.060526501,0.53153224,2.127725164,3.005854782,-3.101955261,3.221259508,0.78718961,3.622525001,0.380609874,2.209786104,1.948294339,-1.404174513,1.649044946,2.298310918,2.027374986,3.087613726,-0.507644728,-0.940376945,1.259829135,1.638697048,-0.240172738,2.985095576,1.916988485,2.424479674,0.624681014,1.798289706,1.361822987,5.868189491,2.110770123,1.149004628,4.799777286,2.645048423,-2.693839212,1.269915613,1.493309092,3.660080265,4.386633485,0.647531404,3.930286886,-2.441568457,5.743097731,0.747579704,0.205298647,5.871564474,1.256526101,-0.049344999,2.481525445,1.052858237,2.137058081,2.628560543,4.277527551,1.787746213,3.277625877,2.997079481,4.529419445,3.075199008,0.028209007,0.249105914,-0.79870801,2.439506103,1.773778506,1.121954688,3.767710809,1.80195634,5.592826675,2.450395837,1.298882246,3.73547043,5.542248845,4.410244621,3.677197938,5.998054222,3.240289371,3.963333715
201,0.139470988,-0.732188981,2.802587792,0.051793639,-1.168330522,-1.952726294,0.333711872,-5.923414422,1.432839255,-0.317055707,0.935546614,1.228938521,-3.244419853,1.408152174,-0.097646988,2.125663029,-0.506173281,0.364502205,0.832134489,-1.577470364,0.502321961,1.170998248,0.786332499,1.520427526,-1.078437868,-1.35843019,0.636920524,0.173380012,-0.846268982,2.618498429,0.385312765,0.58497993,0.110468234,0.866587408,0.501559996,3.538341384,0.713091891,0.285451736,4.367075302,1.029313855,-2.937428664,0.056923155,1.082560008,1.917834352,2.042720486,0.080329212,3.485506951,-2.812812137,3.469132046,-0.20513696,-0.263103893,3.388122087,0.323842011,-0.760359992,0.439966374,0.133752277,0.581921997,1.151175796,1.947758115,0.702749494,2.78474785,1.614379449,4.014854698,2.719479122,-0.163148059,-0.409492655,-0.960836858,1.923835733,0.800293681,0.595559171,1.77985724,0.2934214,4.833180106,0.908965205,0.644441543,1.967314997,3.125990261,2.164583823,1.727965718,3.769276045,1.525486198,1.81982449
202,-0.671223706,-1.55929661,2.394322593,-0.393833802,-2.057369823,-2.107270839,-0.145807107,-5.777126333,-0.033743217,-1.117071869,-0.147738935,-0.357151321,-3.313682616,-0.206676717,-0.954347571,0.779413599,-1.358785521,-1.236537211,-0.209692124,-1.785429265,-0.50326628,0.089274121,-0.359216137,0.111257494,-1.608785904,-1.728930341,0.046155688,-1.126079464,-1.429686046,2.214541496,-0.951858676,-1.017487851,-0.376816106,-0.021246316,-0.319394032,1.409300795,-0.535231583,-0.557272642,3.826280417,-0.397001601,-3.100781568,-1.065108835,0.673535705,0.346520383,-0.033946514,-0.43891543,2.984704859,-3.079767611,1.398397585,-1.154190631,-0.706902631,1.132246159,-0.544573254,-1.389190785,-1.324261715,-0.675565777,-0.797704646,-0.184221254,-0.111874794,-0.27512894,2.26785117,0.277000978,3.418362927,2.321471482,-0.386029946,-0.955420233,-1.118005718,1.37810972,-0.08777283,0.070687241,0.004966815,-1.036889286,4.030986785,-0.476791406,0.042180531,0.330834716,0.941505693,0.15971254,-0.013081293,1.696065732,-0.018051782,-0.099557533
203,-1.381542004,-2.255802154,1.965863471,-0.782101481,-2.821117628,-2.244148189,-0.564596517,-5.503424069,-1.331470292,-1.84301719,-1.123658827,-1.749386103,-3.350971434,-1.619669851,-1.744871752,-0.43411839,-2.14056627,-2.612433633,-1.141172295,-1.984232711,-1.382761084,-0.920516225,-1.363603356,-1.13098947,-2.071303749,-2.099022309,-0.478977369,-2.292031204,-1.923956024,1.783837293,-2.105051626,-2.408500591,-0.795119872,-0.811691705,-1.071674656,-0.491398888,-1.615770348,-1.342078137,3.193108737,-1.661236314,-3.209797816,-2.04415019,0.285918697,-1.046052893,-1.837782445,-0.889639626,2.428207334,-3.274058635,-0.43606787,-1.996577485,-1.102511786,-0.86348757,-1.364961816,-1.919345844,-2.824081435,-1.38430882,-2.018004286,-1.380215341,-1.890407473,-1.152584585,1.743514869,-0.862964745,2.772207191,1.898430418,-0.626359363,-1.355114129,-1.268758835,0.78525347,-0.88003118,-0.418002878,-1.541264635,-2.18620474,3.145277835,-1.710634687,-0.467083564,-1.135931178,-0.989563715,-1.598356682,-1.54002955,-0.158493353,-1.390145367,-1.78559298
204,-2.012847477,-2.871026641,1.521555492,-1.084078242,-3.443031215,-2.345608592,-0.898312037,-5.154409827,-2.49522263,-2.462552882,-1.999078666,-2.994022322,-3.334155586,-2.896842324,-2.425807913,-1.53248726,-2.867060197,-3.830178917,-1.960221051,-2.172980382,-2.252886703,-1.87177681,-2.228295711,-2.247175116,-2.465446536,-2.485708216,-0.947570461,-3.270274434,-2.286634237,1.339760971,-3.119032369,-3.638379615,-1.106554062,-1.54233189,-1.753440999,-2.18393231,-2.60458192,-2.057792914,2.52498938,-2.810770294,-3.27768467,-2.934280551,-0.064107788,-2.281271358,-3.389676613,-1.27638617,1.848547074,-3.414374911,-2.099414867,-2.772100761,-1.447612866,-2.611834424,-2.167370991,-2.380484626,-4.131649259,-1.994684413,-3.13896259,-2.457146794,-3.466138114,-1.916834688,1.199320023,-1.767885404,2.117229569,1.458770891,-0.881506522,-1.618080478,-1.437035602,0.258788876,-1.588370183,-0.875328083,-2.92468329,-3.164193046,2.266990788,-2.792207388,-0.837299564,-2.500929386,-2.700821871,-3.156216628,-2.907728659,-1.846434904,-2.623664886,-3.267259629
205,-2.567292289,-3.379410269,1.101716575,-1.302449159,-3.944492336,-2.407713349,-1.147103968,-4.745671176,-3.480920006,-3.042680841,-2.759907261,-4.04082599,-3.271143263,-3.975331544,-3.036924134,-2.50910162,-3.482605141,-4.794266971,-2.684574558,-2.327829462,-3.040752766,-2.736064226,-2.970332187,-3.249153469,-2.791300106,-2.841306612,-1.328809634,-4.10866446,-2.546211005,0.918930807,-3.970282853,-4.609464539,-1.321580988,-2.20342996,-2.335699792,-3.677738572,-3.441250188,-2.671937386,1.832981195,-3.780499612,-3.302120435,-3.669391262,-0.36685981,-3.358677861,-4.690868053,-1.62760154,1.287999154,-3.512513955,-3.553817038,-3.425418898,-1.723683892,-4.126343244,-2.877745964,-2.799060464,-5.185038186,-2.554982381,-4.062889032,-3.388278109,-4.787777949,-2.564432297,0.733528776,-2.553684237,1.497957142,1.040162901,-1.117522827,-1.773330011,-1.601237543,-0.168193237,-2.233223882,-1.265571308,-4.104348947,-4.010327968,1.453970128,-3.726321452,-1.066842142,-3.695562436,-4.182819139,-4.487868591,-4.078091865,-3.321474707,-3.67435371,-4.53412527
206,-3.020194458,-3.801624829,0.685261748,-1.466070589,-4.299943131,-2.438468246,-1.329566994,-4.308190085,-4.248886653,-3.499954339,-3.39654833,-4.882188562,-3.172305013,-4.830714445,-3.532041612,-3.347247742,-3.929629884,-5.543210868,-3.269383209,-2.431071613,-3.676977719,-3.455119886,-3.55113832,-4.079318711,-3.029424539,-3.146054486,-1.625416315,-4.749074051,-2.73189535,0.504234362,-4.649527653,-5.377283448,-1.474113683,-2.755151225,-2.810197686,-4.919451334,-4.134681593,-3.174171615,1.158675008,-4.550336744,-3.277905636,-4.227971934,-0.632317841,-4.276233028,-5.689262684,-1.92536245,0.741105441,-3.520394356,-4.748156898,-3.95459169,-1.931095881,-5.363851439,-3.445330567,-3.105314705,-5.96409697,-3.041928991,-4.784045342,-4.143118918,-5.836236628,-3.087152002,0.305745793,-3.071885126,0.952618663,0.625407317,-1.337138089,-1.83395845,-1.760130031,-0.491066141,-2.785271118,-1.594717136,-5.056020684,-4.714212193,0.67629969,-4.477215351,-1.219044035,-4.701554666,-5.38819689,-5.557350093,-5.038576367,-4.543962117,-4.540180966,-5.544939722
207,-3.361331309,-4.104174509,0.306232417,-1.589753331,-4.472187493,-2.424919677,-1.474128327,-3.887992188,-4.796393606,-3.757976586,-3.865654642,-5.506362685,-3.0530384,-5.477418819,-3.848966962,-4.012542639,-4.205184911,-6.095277261,-3.703335181,-2.47190885,-4.202693882,-4.002672669,-3.968607093,-4.696866959,-3.183072167,-3.362116213,-1.861054396,-5.165087223,-2.786946637,0.127840699,-5.140639716,-5.945910612,-1.589045951,-3.177331073,-3.174542356,-5.866465256,-4.620074447,-3.551960974,0.537755426,-5.136179113,-3.212926497,-4.62451635,-0.863988726,-4.948700716,-6.37388262,-2.172399574,0.245840763,-3.475229571,-5.679620187,-4.27498623,-2.078115453,-6.299139803,-3.878851532,-3.323580169,-6.518551645,-3.402358819,-5.327900387,-4.694050089,-6.607998865,-3.470629247,-0.092505226,-3.45658604,0.461258377,0.248766522,-1.515175494,-1.896810427,-1.89083023,-0.743568383,-3.210319981,-1.851684745,-5.737603123,-5.206094413,-0.019539122,-5.014889159,-1.325942328,-5.483094377,-6.299458705,-6.327861264,-5.730566048,-5.498257335,-5.189883275,-6.271003347
208,-3.562403695,-4.277806255,-0.03566052,-1.683097056,-4.495898192,-2.378392707,-1.579679789,-3.469510431,-5.106625436,-3.9474259,-4.143748014,-5.854333494,-2.895157251,-5.843235083,-4.028380881,-4.47142953,-4.3440329,-6.342911151,-4.002990839,-2.474592505,-4.498705577,-4.387981553,-4.242511054,-5.048605314,-3.254407573,-3.45896153,-2.029726168,-5.348515555,-2.782821593,-0.203916643,-5.401902356,-6.206791138,-1.67471083,-3.437770187,-3.418652024,-6.469461704,-4.888571853,-3.805415735,-0.027595784,-5.45234115,-3.10264459,-4.872263701,-1.053832766,-5.375195464,-6.737939199,-2.392780881,-0.191994317,-3.366865988,-6.268204305,-4.469098774,-2.169154117,-6.879306202,-4.122946006,-3.420579891,-6.738611995,-3.61445603,-5.59462496,-5.008795708,-7.028466938,-3.698259837,-0.473758026,-3.783221277,0.00560719,-0.088308839,-1.66135451,-1.938913798,-1.980269762,-0.930350139,-3.474537284,-2.043348609,-6.132043982,-5.489307815,-0.617578536,-5.311708265,-1.38267731,-6.041373452,-6.859324922,-6.777932177,-6.137234882,-6.112479571,-5.580372635,-6.67876632
209,-3.659581384,-4.332360423,-0.356911383,-1.774308614,-4.390764135,-2.316951775,-1.679985894,-3.090542368,-5.201904357,-4.024444238,-4.266147182,-6.007068725,-2.751093048,-6.027665052,-4.05769971,-4.728684312,-4.354357344,-6.411564915,-4.161385802,-2.445869928,-4.645022408,-4.57777071,-4.35889287,-5.195631652,-3.253892421,-3.48861949,-2.166728745,-5.374518181,-2.689982545,-0.513063588,-5.462914453,-6.286414342,-1.764411517,-3.572525436,-3.557892997,-6.734430149,-4.951068655,-3.962287665,-0.529874267,-5.606840417,-2.98132452,-4.930188552,-1.228708876,-5.585130821,-6.840406637,-2.579802106,-0.586572368,-3.247186824,-6.54406187,-4.509353696,-2.217202113,-7.119799438,-4.210596939,-3.475820038,-6.798891308,-3.721265663,-5.691647399,-5.143966799,-7.209159916,-3.803870146,-0.817091062,-3.892359743,-0.406003187,-0.402374463,-1.774440335,-2.005126167,-2.040619608,-1.084960511,-3.622799004,-2.169298799,-6.290486405,-5.568366544,-1.166240052,-5.423263804,-1.450094132,-6.32162861,-7.098877132,-6.954763535,-6.291382562,-6.416326161,-5.767789477,-6.81869658
210,-3.666163251,-4.287734227,-0.639686636,-1.855763869,-4.215611688,-2.232814028,-1.774425764,-2.738693615,-5.175433938,-3.988334257,-4.284917695,-6.008633987,-2.592611954,-6.07078598,-3.98698977,-4.856379268,-4.290268227,-6.329384871,-4.199447176,-2.391256963,-4.697966894,-4.667595539,-4.391835214,-5.241084952,-3.200581826,-3.429382704,-2.271312596,-5.297770861,-2.539672616,-0.78310501,-5.387485759,-6.207601923,-1.850337006,-3.629343538,-3.619347955,-6.767156975,-4.902295371,-4.029413371,-0.963030243,-5.629496156,-2.838831183,-4.87728074,-1.377487505,-5.634594472,-6.793990043,-2.754713852,-0.933352227,-3.10416608,-6.597593817,-4.452134333,-2.235909311,-7.134029794,-4.190932083,-3.451926543,-6.740559253,-3.72544055,-5.655823381,-5.152702241,-7.203886814,-3.815973834,-1.116295889,-3.898802421,-0.793511659,-0.67662968,-1.842014802,-2.093859645,-2.06862604,-1.250563637,-3.662045422,-2.234798995,-6.283681129,-5.531110589,-1.67598207,-5.397680445,-1.53777212,-6.406204149,-7.116377881,-6.937327877,-6.263283084,-6.499648578,-5.79546326,-6.773457877
211,-3.633035312,-4.204727963,-0.881824413,-1.940965237,-4.038562297,-2.154609633,-1.873775875,-2.415334264,-5.089590539,-3.918785445,-4.274207212,-5.916768619,-2.44565242,-6.003428009,-3.91616065,-4.901171868,-4.200004272,-6.180979904,-4.192666033,-2.327423129,-4.700302665,-4.723121782,-4.410800463,-5.203871007,-3.130711798,-3.332805355,-2.35593409,-5.180841273,-2.404123678,-1.009959858,-5.263433391,-6.070916741,-1.9471736,-3.656126957,-3.602236351,-6.681737497,-4.809728097,-4.025267135,-1.314171798,-5.568691092,-2.698389783,-4.797235557,-1.510053367,-5.573899478,-6.700687042,-2.930979987,-1.216839056,-2.967945628,-6.506255382,-4.381092787,-2.256239099,-7.048024205,-4.131289723,-3.429931432,-6.594354904,-3.684886762,-5.553758824,-5.098151583,-7.083871179,-3.806643059,-1.355295441,-3.928667437,-1.131674228,-0.909640828,-1.877703523,-2.207954574,-2.082132826,-1.419840348,-3.641398033,-2.261906278,-6.179533205,-5.435982964,-2.083376869,-5.306184453,-1.641749407,-6.332040376,-7.020016202,-6.822388807,-6.14274066,-6.429109644,-5.730923059,-6.638212471
212,-3.591081312,-4.130278932,-1.101248425,-2.034904783,-3.904995073,-2.08523853,-1.976203454,-2.121142323,-5.002684013,-3.88624401,-4.249658582,-5.821283545,-2.31560178,-5.921958949,-3.862074945,-4.935220345,-4.105497447,-6.052695447,-4.174203161,-2.253354657,-4.686953834,-4.751835064,-4.441970964,-5.17146736,-3.057250249,-3.239523548,-2.436645926,-5.092991466,-2.316161875,-1.211979592,-5.143693645,-5.958006123,-2.05926721,-3.663690172,-3.557932426,-6.585061266,-4.747641188,-3.998976583,-1.618773242,-5.497870538,-2.565580251,-4.695074706,-1.631965424,-5.508222387,-6.635576403,-3.07558482,-1.46437744,-2.834365893,-6.393143742,-4.331594683,-2.283110153,-6.96242616,-4.054087981,-3.378068,-6.473533094,-3.652455356,-5.4532137,-5.035887924,-6.958036742,-3.78739909,-1.592651725,-3.961428976,-1.391120672,-1.1195174,-1.887335564,-2.327680795,-2.093172969,-1.592846266,-3.625161781,-2.26579274,-6.077718249,-5.350061973,-2.423960831,-5.215158905,-1.755109765,-6.197962462,-6.912913848,-6.704388164,-6.030308813,-6.327478126,-5.654169813,-6.516557885
213,-3.583192867,-4.103515563,-1.287715979,-2.118928392,-3.800923266,-2.017602332,-2.066775597,-1.866290773,-4.966919011,-3.851186512,-4.258188447,-5.782832466,-2.206640401,-5.896036149,-3.828422125,-4.991635645,-4.022935128,-6.009652225,-4.155334758,-2.158930189,-4.732586167,-4.807439846,-4.484722529,-5.163124721,-3.000840195,-3.182299074,-2.508898128,-5.06066334,-2.21696925,-1.383160889,-5.078320183,-5.924848795,-2.165657536,-3.706100647,-3.52847573,-6.533986833,-4.717720629,-3.977158981,-1.858685507,-5.485509989,-2.455290417,-4.619374692,-1.738151426,-5.470562761,-6.642654245,-3.20779678,-1.669097254,-2.743140363,-6.326852345,-4.317766647,-2.292410045,-6.936888503,-4.019765646,-3.349036068,-6.431345383,-3.628522976,-5.421454078,-5.014412663,-6.895313035,-3.791911623,-1.754973456,-3.979388053,-1.601667123,-1.297455295,-1.887024769,-2.451592197,-2.100911421,-1.747556885,-3.632140744,-2.264198279,-6.019847308,-5.258656132,-2.701255535,-5.166972016,-1.855358326,-6.161946146,-6.864762905,-6.640108873,-5.975226189,-6.257990461,-5.627036595,-6.453253637
214,-3.585552576,-4.097459845,-1.44190253,-2.180568597,-3.743785701,-1.959534541,-2.133365167,-1.616306167,-4.958305346,-3.880221792,-4.282563075,-5.734793177,-2.102845222,-5.829120807,-3.823419609,-5.078714183,-3.955533697,-5.929961285,-4.17819047,-2.06789284,-4.719269314,-4.872291894,-4.556508357,-5.162133081,-2.965195355,-3.133349342,-2.56125435,-5.01412326,-2.176244295,-1.519942901,-5.035657628,-5.867598617,-2.245422235,-3.763712822,-3.516722186,-6.540962387,-4.714675786,-3.969021499,-2.062678011,-5.445185311,-2.349624179,-4.565238833,-1.82208352,-5.467354803,-6.708341709,-3.327762535,-1.837773309,-2.647250293,-6.30741177,-4.36702091,-2.302379761,-6.964215805,-4.015722735,-3.324186839,-6.315400967,-3.596925493,-5.36932512,-5.004338697,-6.824600292,-3.816799142,-1.917902009,-4.081687171,-1.78870387,-1.443109254,-1.877457897,-2.551152734,-2.105641508,-1.861202898,-3.652530098,-2.237976392,-5.986112785,-5.249807805,-2.92078385,-5.125171567,-1.919214445,-6.134442452,-6.867802376,-6.629231069,-5.958256829,-6.240311035,-5.607298576,-6.436143793
215,-3.602303943,-4.113651693,-1.587605612,-2.240496729,-3.689526953,-1.896301652,-2.202805485,-1.401947332,-4.97568918,-3.895493869,-4.320159752,-5.743781152,-2.013098108,-5.833459049,-3.801127991,-5.180150132,-3.917379683,-5.925482817,-4.220244173,-1.970450042,-4.753082534,-4.938634599,-4.641845838,-5.199978684,-2.928000786,-3.115868213,-2.624333614,-5.014106678,-2.115903823,-1.648836788,-5.030705417,-5.875279203,-2.32533406,-3.832659108,-3.512585561,-6.586104429,-4.748161984,-3.973685115,-2.218252255,-5.479836038,-2.258500182,-4.515699645,-1.90086844,-5.498754566,-6.814275131,-3.435896458,-1.990332022,-2.564657124,-6.343270598,-4.414297611,-2.300101917,-7.030148571,-4.045408676,-3.314653471,-6.314671613,-3.594874406,-5.386849986,-5.04179167,-6.852068817,-3.848527401,-2.060560263,-4.187972627,-1.961531891,-1.578768042,-1.857680754,-2.651818421,-2.111217239,-1.972415838,-3.701627354,-2.216950383,-6.00322902,-5.264227308,-3.139101952,-5.1266776,-1.99743345,-6.114702627,-6.922300603,-6.672246187,-5.977886703,-6.274250113,-5.628503288,-6.464750363
216,-3.610396868,-4.144938831,-1.688368038,-2.260523194,-3.681673422,-1.832685214,-2.236174872,-1.197207305,-5.01912914,-3.877614187,-4.362257261,-5.779321026,-1.934100688,-5.859524266,-3.773216808,-5.283569776,-3.901787099,-5.944085537,-4.273082332,-1.856699763,-4.779364632,-4.985587568,-4.729642006,-5.269732937,-2.880430343,-3.087161019,-2.6570963,-5.064263831,-2.081067692,-1.735615028,-5.037516133,-5.908730822,-2.36332678,-3.919899553,-3.517757213,-6.684999176,-4.803152819,-3.97757504,-2.320050638,-5.526228704,-2.166136693,-4.537036587,-1.941967428,-5.557111758,-6.953307088,-3.504956059,-2.097550357,-2.479259399,-6.413759693,-4.451160403,-2.294554595,-7.152949533,-4.100958614,-3.293111453,-6.342078367,-3.584680597,-5.430710259,-5.100530123,-6.911814377,-3.888283699,-2.150737382,-4.291391631,-2.073694945,-1.67090921,-1.809759533,-2.691271518,-2.102250833,-2.090058334,-3.736194951,-2.169651601,-6.060285171,-5.311952245,-3.305482564,-5.159084118,-2.024288031,-6.126960105,-7.023626727,-6.75597106,-6.038080947,-6.353473706,-5.67253702,-6.53045447
217,-3.600415094,-4.163970842,-1.749415448,-2.246497214,-3.673651778,-1.761753604,-2.243218312,-1.006818629,-5.074779025,-3.838141137,-4.393306432,-5.83849457,-1.846800966,-5.905293286,-3.743277559,-5.368592346,-3.890981442,-6.021864065,-4.303969873,-1.73041438,-4.80396852,-5.051203465,-4.808227489,-5.325109481,-2.828641072,-3.070801076,-2.667933783,-5.109979603,-2.074975237,-1.782429678,-5.085971819,-6.003855663,-2.365006746,-3.996247601,-3.50170327,-6.811075087,-4.853877618,-3.975277131,-2.372322284,-5.604260246,-2.073733482,-4.587047296,-1.957023935,-5.626275604,-7.095474601,-3.535352679,-2.153715083,-2.403549049,-6.519333615,-4.472439052,-2.280017846,-7.299405671,-4.191235185,-3.255439742,-6.394132277,-3.575659426,-5.519866214,-5.171284968,-6.989248153,-3.908043847,-2.233945077,-4.393794976,-2.134733624,-1.72464688,-1.737221661,-2.726067348,-2.076778212,-2.15542834,-3.769708115,-2.097182903,-6.127795553,-5.341667398,-3.376937634,-5.206143883,-2.053984411,-6.161618076,-7.147916244,-6.850622748,-6.120796686,-6.46518612,-5.742530614,-6.612595462
218,-3.57393031,-4.172957832,-1.777529713,-2.186529833,-3.67307049,-1.673396219,-2.206070567,-0.816750418,-5.127551792,-3.817250673,-4.405074255,-5.91938726,-1.74495013,-5.980800518,-3.702274789,-5.442123491,-3.89010799,-6.106800837,-4.330399304,-1.591397332,-4.832193021,-5.076163792,-4.862490523,-5.387389878,-2.763430989,-3.056957365,-2.643131529,-5.210580826,-2.060995912,-1.796743829,-5.133909823,-6.09795932,-2.315734406,-4.037400798,-3.472254017,-6.958235815,-4.926087459,-3.948559463,-2.385678245,-5.692767671,-1.969392275,-4.677432821,-1.932868903,-5.743616917,-7.246450318,-3.508451214,-2.17636106,-2.30583322,-6.646137116,-4.432173234,-2.246227168,-7.465900165,-4.268239182,-3.204557999,-6.484523667,-3.546663441,-5.610613638,-5.253743612,-7.078073884,-3.911103493,-2.310625539,-4.474717628,-2.142051866,-1.747169802,-1.641482988,-2.698046391,-2.027406032,-2.183109693,-3.795969832,-2.008864525,-6.22231785,-5.367230518,-3.380270743,-5.278484262,-2.021233457,-6.240108414,-7.288551865,-6.958705642,-6.231874844,-6.577783287,-5.828140042,-6.716840236
219,-3.541932126,-4.18298818,-1.784735088,-2.10611424,-3.652002149,-1.563957692,-2.141629525,-0.638099,-5.169076571,-3.797211696,-4.411048882,-6.031987638,-1.627608812,-6.125084076,-3.64255309,-5.500763462,-3.897541482,-6.224112748,-4.330900327,-1.442012892,-4.863760618,-5.094361377,-4.897658909,-5.44180032,-2.681434994,-3.052105094,-2.586858735,-5.321648903,-2.035231673,-1.791160292,-5.173841816,-6.198645491,-2.245473026,-4.048746013,-3.440905838,-7.090472598,-4.979916285,-3.900849092,-2.34510333,-5.808756023,-1.859192252,-4.743982536,-1.880045157,-5.845982539,-7.380776131,-3.455021641,-2.174571466,-2.200431788,-6.769261666,-4.381471906,-2.185184015,-7.625435099,-4.341234213,-3.141822492,-6.675963776,-3.520407145,-5.736723533,-5.336161136,-7.238263705,-3.905206345,-2.324131068,-4.505136757,-2.109884807,-1.748218692,-1.527037555,-2.623362785,-1.954844761,-2.189522895,-3.827115191,-1.897453774,-6.332228704,-5.38907837,-3.374456476,-5.350884929,-1.945633264,-6.366836572,-7.429145809,-7.067012685,-6.331122667,-6.671364708,-5.917981888,-6.819378831
220,-3.498956774,-4.146196581,-1.771426496,-1.988578402,-3.63470018,-1.451549827,-2.043529843,-0.469101257,-5.177827694,-3.776788551,-4.407916435,-6.070273293,-1.494713772,-6.15814982,-3.587198699,-5.546125393,-3.876119374,-6.265715469,-4.330494984,-1.297232499,-4.838222343,-5.081333906,-4.895257824,-5.468522829,-2.607724737,-3.031289463,-2.491198177,-5.339962883,-2.020578389,-1.762175456,-5.185922272,-6.250014302,-2.12712372,-4.049336164,-3.387919425,-7.21146957,-5.025828979,-3.8209237,-2.283728548,-5.836061793,-1.743009297,-4.785419232,-1.808949869,-5.910912102,-7.480097296,-3.389824657,-2.143786788,-2.087119466,-6.866613909,-4.308202461,-2.097281072,-7.755745395,-4.391574143,-3.071144213,-6.705487696,-3.457571047,-5.791234195,-5.364452246,-7.298273541,-3.892552523,-2.328429294,-4.533968674,-2.052940807,-1.730018481,-1.415418313,-2.524085314,-1.869906938,-2.115711934,-3.843378231,-1.770189951,-6.392064969,-5.42516331,-3.294653869,-5.364436443,-1.852983201,-6.433401494,-7.53823852,-7.145658008,-6.404856768,-6.755439823,-5.958406318,-6.884139849
221,-3.441778277,-4.103008163,-1.753091087,-1.863714766,-3.58256261,-1.320239148,-1.937812566,-0.316374264,-5.165119043,-3.726434671,-4.384512648,-6.094770403,-1.342754062,-6.191332036,-3.500761518,-5.563387659,-3.855323253,-6.314761393,-4.305957409,-1.150984281,-4.826227572,-5.06934498,-4.881802982,-5.477414652,-2.501948771,-2.987451398,-2.387175839,-5.331823088,-1.991374205,-1.727349684,-5.200778799,-6.296239435,-2.000161494,-3.985991607,-3.3093898,-7.291103558,-5.027175418,-3.708230522,-2.196494388,-5.864444121,-1.616480533,-4.777459421,-1.727900888,-5.92639601,-7.520070579,-3.320922805,-2.100660367,-1.95511314,-6.935953437,-4.163134299,-1.982092342,-7.836307815,-4.399056624,-2.977494755,-6.763484435,-3.399727558,-5.833452021,-5.371947906,-7.360461677,-3.858627336,-2.287079089,-4.582887745,-1.989277033,-1.705202276,-1.302023168,-2.420750791,-1.772750892,-2.019667478,-3.855560814,-1.659776071,-6.430544343,-5.422095493,-3.211124452,-5.369301452,-1.761974202,-6.448076292,-7.605972685,-7.188520513,-6.442907962,-6.816608162,-5.975108343,-6.910302241
222,-3.378178671,-4.039301913,-1.724397501,-1.71790616,-3.539653523,-1.202654733,-1.807180484,-0.196576435,-5.112011709,-3.639587019,-4.333282401,-6.074223587,-1.215095533,-6.168509599,-3.397850295,-5.538129215,-3.840895019,-6.322999298,-4.257264492,-1.007275772,-4.764025315,-5.001791849,-4.829565348,-5.450600203,-2.371303247,-2.932175123,-2.261106369,-5.323734037,-1.957954423,-1.678016703,-5.164334967,-6.311723749,-1.84703833,-3.919247401,-3.211278224,-7.326028143,-4.999515203,-3.562096597,-2.090343348,-5.856239704,-1.501292822,-4.772115969,-1.634430739,-5.87990957,-7.497872728,-3.226143526,-2.030000166,-1.827119993,-6.948125339,-4.029681636,-1.851209906,-7.867191965,-4.410411272,-2.877673672,-6.760135586,-3.334835346,-5.850401248,-5.353716869,-7.360825092,-3.808259453,-2.211313871,-4.589932243,-1.876751244,-1.670099171,-1.193821223,-2.275294206,-1.675619958,-1.876172488,-3.83577215,-1.539918965,-6.418777731,-5.37570506,-3.048491173,-5.347151188,-1.640124383,-6.41518813,-7.620616056,-7.182098387,-6.440883956,-6.835765321,-5.952991141,-6.885824694
223,-3.309905158,-3.958497983,-1.69103853,-1.57145113,-3.47715799,-1.093402398,-1.66828913,-0.092421379,-5.039081015,-3.538919292,-4.258911209,-6.007079075,-1.100045069,-6.097863831,-3.292889973,-5.463695413,-3.782496081,-6.288775152,-4.172942353,-0.880163524,-4.66143784,-4.901063903,-4.738519379,-5.368962203,-2.221257356,-2.864373202,-2.121383288,-5.252678791,-1.938060984,-1.624970663,-5.126820749,-6.280372746,-1.690060286,-3.824546753,-3.097554597,-7.317721848,-4.919596341,-3.405206521,-1.988864389,-5.808194707,-1.393243408,-4.737065925,-1.537393998,-5.803656826,-7.404550964,-3.122521542,-1.954239687,-1.712093364,-6.926062104,-3.85145005,-1.708073722,-7.832592376,-4.397720017,-2.771561705,-6.698069168,-3.269845741,-5.82371532,-5.29764805,-7.294399945,-3.743374967,-2.113706009,-4.586698658,-1.778672169,-1.631129129,-1.087551141,-2.10563232,-1.568008085,-1.732258548,-3.796726781,-1.413604027,-6.358888112,-5.289820858,-2.883420913,-5.291971835,-1.51385123,-6.333662175,-7.577719946,-7.116427205,-6.393117767,-6.833078682,-5.890022975,-6.802660669
224,-3.210299384,-3.859945637,-1.646677637,-1.411889794,-3.400321159,-0.985941546,-1.510551299,-0.000181222,-4.916652486,-3.391296639,-4.15836653,-5.889056763,-0.99398234,-5.993136067,-3.156232383,-5.342664272,-3.711198385,-6.175828601,-4.062782897,-0.764876495,-4.524394624,-4.764616382,-4.60293639,-5.258658496,-2.061441932,-2.778525574,-1.966669544,-5.145541654,-1.884345793,-1.564173438,-5.029596935,-6.156314699,-1.515872287,-3.683289868,-2.957481619,-7.222741753,-4.817597609,-3.210407875,-1.87568652,-5.703602633,-1.284342079,-4.69580209,-1.423812336,-5.688555838,-7.229158898,-3.002705198,-1.872322813,-1.588583651,-6.824248749,-3.637696741,-1.554848301,-7.709727732,-4.338377201,-2.629231632,-6.595723176,-3.176769341,-5.734999811,-5.198035894,-7.15788208,-3.655020494,-1.994342931,-4.529980683,-1.669550748,-1.582449567,-0.980681508,-1.893718448,-1.451154017,-1.550109741,-3.711825324,-1.302626209,-6.240490816,-5.127517305,-2.723776646,-5.189837908,-1.352941087,-6.210493509,-7.449310222,-6.969907543,-6.277859245,-6.739997318,-5.768554575,-6.651699677
225,-3.103500664,-3.713742971,-1.588299562,-1.253793517,-3.296581069,-0.884879825,-1.349316658,0.078518263,-4.732021387,-3.220287651,-4.026361037,-5.708717402,-0.901743089,-5.833309075,-2.997864653,-5.163861246,-3.592213668,-5.983851614,-3.923597779,-0.668366404,-4.329728924,-4.569966311,-4.411846472,-5.099476145,-1.886495053,-2.670017238,-1.80217035,-4.955263352,-1.811772694,-1.492826393,-4.873955377,-5.943939562,-1.341706225,-3.511427583,-2.808371968,-7.040936633,-4.655227605,-3.008187336,-1.752162251,-5.523832951,-1.175337692,-4.618260165,-1.304736725,-5.490692345,-6.960928443,-2.875542871,-1.781156786,-1.445873632,-6.649254183,-3.401911681,-1.393288725,-7.490687675,-4.222158312,-2.475490798,-6.435400551,-3.056117562,-5.577968486,-5.032143003,-6.949155368,-3.552387072,-1.874204141,-4.386342361,-1.547278235,-1.52179172,-0.874409611,-1.664182052,-1.327706765,-1.370196711,-3.585612237,-1.179775572,-6.057827882,-4.922767982,-2.557645206,-5.023173643,-1.174369721,-6.015206001,-7.232375216,-6.743258164,-6.083301759,-6.583123494,-5.574972845,-6.434531548
226,-2.963476586,-3.51096448,-1.514748099,-1.095017382,-3.158775798,-0.782005475,-1.185917349,0.144147182,-4.488108058,-3.017403281,-3.85357076,-5.453050608,-0.800997873,-5.572138735,-2.827720104,-4.936106089,-3.427695397,-5.750472477,-3.748409372,-0.579248525,-4.112584925,-4.336721457,-4.164929958,-4.897908271,-1.714969662,-2.542760699,-1.619912292,-4.669809518,-1.715156257,-1.414590933,-4.660848305,-5.715405698,-1.165484525,-3.317508052,-2.637625262,-6.784848292,-4.441342513,-2.799226777,-1.625266013,-5.27999444,-1.069445673,-4.466792467,-1.183741038,-5.240529338,-6.61443602,-2.745691702,-1.68504538,-1.319715932,-6.410721064,-3.115946153,-1.214815025,-7.180294513,-4.072926809,-2.316807106,-6.14504819,-2.904107621,-5.370929652,-4.796567803,-6.630960804,-3.407956917,-1.725857661,-4.209670327,-1.436965884,-1.44969129,-0.77615114,-1.43935313,-1.203040647,-1.195360857,-3.42613945,-1.059810878,-5.794011539,-4.649762131,-2.40373716,-4.778794823,-1.000468924,-5.74960544,-6.931075863,-6.438263333,-5.839307375,-6.36753526,-5.325264627,-6.14063197
227,-2.769806231,-3.276071202,-1.41699725,-0.931538475,-2.994509781,-0.682233709,-1.022546696,0.2104161,-4.207600075,-2.843013716,-3.643149014,-5.13416039,-0.701263191,-5.24597528,-2.653030527,-4.674451616,-3.223440319,-5.43376064,-3.542122456,-0.504325982,-3.890336038,-4.080481559,-3.878859529,-4.643261061,-1.540444006,-2.381773696,-1.439255643,-4.332328074,-1.595143046,-1.318275203,-4.396698324,-5.406549503,-0.98293716,-3.093547571,-2.453967204,-6.467714567,-4.184535735,-2.588206416,-1.498405596,-4.960293392,-0.963608972,-4.266385438,-1.062377808,-4.947159281,-6.188680571,-2.603817079,-1.571561829,-1.17810469,-6.108963036,-2.774518339,-1.036790946,-6.801799706,-3.834742589,-2.135016515,-5.770860905,-2.718550532,-5.071370835,-4.501339092,-6.250280589,-3.215515389,-1.556736196,-3.975860084,-1.33295779,-1.356785448,-0.681517009,-1.240004416,-1.082634754,-1.00639237,-3.235505585,-0.9355518,-5.468347254,-4.344888537,-2.22513062,-4.483920784,-0.82276718,-5.420919831,-6.565135873,-6.075483439,-5.532956323,-6.090067382,-5.017094579,-5.79629114
228,-2.574106302,-3.013237139,-1.302323618,-0.777441461,-2.820369026,-0.597046001,-0.869944424,0.238882597,-3.881129444,-2.627053216,-3.405864566,-4.772384289,-0.620725669,-4.869857692,-2.45775138,-4.372868821,-3.00480404,-5.078555975,-3.308898358,-0.448156757,-3.603070013,-3.79654643,-3.562049299,-4.323971173,-1.371737993,-2.209652579,-1.261580869,-3.958033804,-1.472584575,-1.208709485,-4.095623322,-5.0651608,-0.810438844,-2.885789438,-2.268124457,-6.085104969,-3.89987501,-2.367716,-1.381617603,-4.591772486,-0.870741036,-4.010325336,-0.943768079,-4.60492254,-5.709572854,-2.443672855,-1.442423056,-1.040033826,-5.74839733,-2.461941798,-0.866899526,-6.360855626,-3.555759836,-1.948993758,-5.341553432,-2.507939682,-4.727347021,-4.161200853,-5.81869641,-3.010511138,-1.372175984,-3.697607094,-1.211412381,-1.249442736,-0.599744711,-1.055667909,-0.965278877,-0.845559652,-3.005294726,-0.814826048,-5.079721723,-4.007637975,-2.015697012,-4.141708664,-0.658349406,-5.056744342,-6.142878928,-5.656706759,-5.168494462,-5.740501312,-4.66868179,-5.403931352
229,-2.368359228,-2.741917409,-1.197524833,-0.645749964,-2.641318892,-0.52915488,-0.734301722,0.247844076,-3.552877116,-2.39858387,-3.148803004,-4.365121862,-0.554153742,-4.444501326,-2.262139961,-4.034699563,-2.758959046,-4.65659073,-3.060518335,-0.408283739,-3.289385108,-3.471306079,-3.228479401,-3.956413655,-1.202098063,-2.011500774,-1.100196461,-3.536045619,-1.366437609,-1.110267145,-3.780445326,-4.652519815,-0.66184589,-2.659168143,-2.092117423,-5.642805031,-3.574955599,-2.164121153,-1.281878611,-4.174711577,-0.788684599,-3.720362451,-0.840377591,-4.236846243,-5.1950136,-2.267320294,-1.325349979,-0.912767976,-5.336850994,-2.173144783,-0.722434205,-5.859118196,-3.236919994,-1.784437301,-4.850854077,-2.294175044,-4.319608502,-3.787225582,-5.330395018,-2.794741958,-1.185994639,-3.414836203,-1.104422414,-1.151732227,-0.532642495,-0.887117537,-0.860936932,-0.705296425,-2.757966868,-0.69910908,-4.658475693,-3.661844012,-1.840161835,-3.770759234,-0.512373463,-4.64161347,-5.663811924,-5.195004919,-4.75839195,-5.330377448,-4.278326799,-4.96565768
230,-2.13838548,-2.454088396,-1.095137504,-0.530420254,-2.434792943,-0.466995119,-0.613325115,0.241063432,-3.213826909,-2.158499701,-2.865636004,-3.933054972,-0.501329738,-4.000867453,-2.047788763,-3.66726023,-2.508810084,-4.199232221,-2.7944431,-0.373882731,-2.952301683,-3.137983909,-2.887906573,-3.568158539,-1.030037513,-1.804954669,-0.960306778,-3.11029468,-1.216332527,-1.015886351,-3.430459815,-4.197807862,-0.532454146,-2.410499283,-1.912888224,-5.134664334,-3.249344116,-1.963474403,-1.183022579,-3.744948631,-0.712221607,-3.406272563,-0.745211621,-3.837538541,-4.645432197,-2.07337443,-1.214405518,-0.797427137,-4.872927514,-1.908829135,-0.602572985,-5.302889193,-2.896840202,-1.599395468,-4.356991206,-2.074812946,-3.886050554,-3.403753382,-4.823082769,-2.547349889,-1.039777372,-3.11158521,-1.014365484,-1.056346855,-0.468703768,-0.736651354,-0.763415891,-0.559634574,-2.491216253,-0.607429732,-4.1939372,-3.296664797,-1.681607602,-3.383204923,-0.379317422,-4.17184822,-5.137041126,-4.691898773,-4.293057127,-4.854035551,-3.857351276,-4.497951589
231,-1.919616018,-2.162542748,-0.967264873,-0.416190404,-2.202100354,-0.411405524,-0.498972604,0.232624387,-2.868467209,-1.91239515,-2.57276724,-3.477319206,-0.44973027,-3.52718136,-1.834159078,-3.281818011,-2.236096043,-3.705095777,-2.499502883,-0.339416726,-2.588907804,-2.807997964,-2.543236082,-3.178260089,-0.879854767,-1.574946269,-0.823211657,-2.674248104,-1.075198555,-0.899366605,-3.071912248,-3.705580466,-0.406236862,-2.143478555,-1.728245496,-4.597001604,-2.888356423,-1.768945289,-1.052957494,-3.282099135,-0.631043181,-3.06241177,-0.646913208,-3.436201338,-4.075677846,-1.866222202,-1.08058337,-0.686017729,-4.372927328,-1.674973315,-0.505857484,-4.723885091,-2.528522961,-1.442945384,-3.833890735,-1.8433095,-3.415033763,-2.997964696,-4.289763034,-2.29663126,-0.898037492,-2.761525121,-0.92109714,-0.937194542,-0.40167986,-0.602726737,-0.663871492,-0.42214096,-2.218739223,-0.511299694,-3.721791555,-2.945056812,-1.485949171,-2.98685794,-0.275295959,-3.6633517,-4.58393251,-4.175468979,-3.810257174,-4.356489211,-3.411973184,-4.016901334
232,-1.712648985,-1.880073584,-0.83781378,-0.327042699,-1.92081775,-0.351665619,-0.404404487,0.224952679,-2.526102345,-1.630206354,-2.270913393,-3.056412904,-0.393515279,-3.083826373,-1.614559366,-2.895567222,-1.967563391,-3.266885017,-2.196448123,-0.302552169,-2.268145037,-2.467311228,-2.209413167,-2.816555928,-0.732475111,-1.339503311,-0.705540126,-2.302075148,-0.924778642,-0.783418676,-2.705389675,-3.282043239,-0.31034782,-1.867411845,-1.529428097,-4.056767258,-2.535303797,-1.576847099,-0.919825566,-2.876756642,-0.544688925,-2.70132512,-0.554696345,-3.045854885,-3.520695435,-1.648767389,-0.949221093,-0.589602596,-3.881811782,-1.459958388,-0.415144179,-4.143299845,-2.210502978,-1.289663823,-3.330844746,-1.64748892,-2.99825141,-2.620198881,-3.776460248,-2.030140661,-0.747792545,-2.413295866,-0.82502395,-0.81497719,-0.342994537,-0.500025458,-0.566275528,-0.309638274,-1.961768275,-0.446224469,-3.256591303,-2.61050747,-1.320012477,-2.615327301,-0.20207515,-3.230116102,-4.038544739,-3.66694598,-3.352701106,-3.867408273,-3.009091648,-3.536928702
233,-1.491338222,-1.621572631,-0.703891166,-0.251603762,-1.644613127,-0.294709626,-0.317676485,0.228614048,-2.197622439,-1.417420559,-1.975252735,-2.652290282,-0.33623191,-2.680670604,-1.430036251,-2.524846625,-1.707548584,-2.825721776,-1.90094995,-0.266844315,-1.969093758,-2.135750771,-1.895305191,-2.468921589,-0.591968167,-1.139087723,-0.605215784,-1.989414743,-0.788938524,-0.659024749,-2.340568655,-2.841147581,-0.230644747,-1.608663257,-1.325076008,-3.532650136,-2.22753484,-1.386018326,-0.77164099,-2.478744621,-0.456757507,-2.396498484,-0.462086065,-2.67534817,-2.997833868,-1.432725692,-0.807073451,-0.498898164,-3.389829229,-1.252608706,-0.343626196,-3.588193765,-1.889687462,-1.132946636,-2.884995723,-1.444159616,-2.586282613,-2.2607259,-3.298570818,-1.754844595,-0.63189447,-2.050757097,-0.720932018,-0.686078912,-0.289415369,-0.390675757,-0.472468367,-0.21280883,-1.716506214,-0.387200012,-2.834350786,-2.291043073,-1.121420057,-2.264859026,-0.10906831,-2.806278285,-3.506966678,-3.187763118,-2.917809328,-3.403022875,-2.609473843,-3.071220732
234,-1.315279086,-1.389890712,-0.570713951,-0.186871772,-1.38361897,-0.241387466,-0.243690225,0.221259568,-1.875524594,-1.254492602,-1.71945605,-2.277834942,-0.274239166,-2.307169022,-1.256762611,-2.180635216,-1.454855352,-2.415386458,-1.631190355,-0.238286211,-1.688463116,-1.839623544,-1.618939775,-2.144690344,-0.470703288,-0.961171266,-0.509781668,-1.683904856,-0.672772285,-0.534185214,-2.019550106,-2.426000629,-0.161795996,-1.391876325,-1.130833738,-3.037630148,-1.93047296,-1.191763865,-0.638382614,-2.106121228,-0.3778394,-2.068377153,-0.372099445,-2.319784887,-2.512565934,-1.252122037,-0.66573983,-0.427176438,-2.922609194,-1.064393784,-0.277627893,-3.0668163,-1.590379218,-0.997563036,-2.459600252,-1.259834687,-2.197652286,-1.925299347,-2.840588842,-1.530108973,-0.498917697,-1.74853533,-0.585645202,-0.556891227,-0.248854333,-0.294499417,-0.388938144,-0.151337026,-1.496093908,-0.352236826,-2.439567352,-1.972481983,-0.920076374,-1.938673543,-0.033974102,-2.441655646,-3.009663519,-2.738250404,-2.512306814,-2.945136295,-2.242507251,-2.634006876
235,-1.142768081,-1.187475563,-0.472253851,-0.15380083,-1.147926137,-0.192740485,-0.197575227,0.201156353,-1.590531056,-1.096532101,-1.487972016,-1.94041078,-0.217560812,-1.97081711,-1.098257846,-1.864475428,-1.237458191,-2.049389427,-1.38862609,-0.207585984,-1.462457388,-1.558038047,-1.378374651,-1.869554591,-0.367131553,-0.817674417,-0.443971889,-1.428306761,-0.56916331,-0.440054235,-1.712775777,-2.055787756,-0.128885839,-1.180028941,-0.970942823,-2.585012278,-1.650593519,-1.030996705,-0.543000119,-1.787183208,-0.309812486,-1.743161163,-0.309792469,-1.990971303,-2.08443352,-1.097960617,-0.554184367,-0.355073288,-2.491647482,-0.910427453,-0.223983745,-2.591557268,-1.330099696,-0.846749172,-2.093480532,-1.086954404,-1.858091562,-1.633899348,-2.416252669,-1.328111103,-0.399548685,-1.513016714,-0.472175479,-0.459579012,-0.216832518,-0.230863809,-0.321413525,-0.089833604,-1.293842108,-0.31776041,-2.07853738,-1.68929209,-0.760887055,-1.649827901,0.01030879,-2.088211219,-2.550867931,-2.319370553,-2.138594423,-2.509687174,-1.909836074,-2.228105176
236,-0.966892348,-1.011308474,-0.38446942,-0.128922462,-0.941640079,-0.15321267,-0.161445678,0.168558506,-1.341933753,-0.957256375,-1.259156415,-1.647964473,-0.180261064,-1.692733351,-0.943945528,-1.574992222,-1.041171844,-1.735828168,-1.17502401,-0.176894125,-1.255678714,-1.313732806,-1.173870614,-1.617177298,-0.259195232,-0.705809135,-0.38574522,-1.198391262,-0.468159391,-0.354147558,-1.440973121,-1.727386851,-0.106732983,-1.004475731,-0.831293123,-2.168995227,-1.39980323,-0.888303346,-0.447136699,-1.521944531,-0.258686715,-1.458844383,-0.254191613,-1.690542609,-1.719586878,-0.958990337,-0.447300641,-0.295460304,-2.103420541,-0.771720297,-0.179581426,-2.160524597,-1.123987198,-0.692375391,-1.812891499,-0.932675332,-1.582419171,-1.38235817,-2.047445234,-1.121660825,-0.322929388,-1.322627615,-0.367207999,-0.371939918,-0.179066979,-0.16578752,-0.267860705,-0.065187441,-1.106347703,-0.272199892,-1.757965468,-1.420620284,-0.591218558,-1.39421742,0.051922713,-1.75143995,-2.131957656,-1.935445583,-1.795549661,-2.120151656,-1.609691482,-1.86396356
237,-0.807837153,-0.850729614,-0.308656985,-0.106459424,-0.768195339,-0.133186968,-0.13191946,0.145118537,-1.113386939,-0.812320624,-1.063318093,-1.357242286,-0.161113893,-1.387435711,-0.810020796,-1.314333231,-0.87862629,-1.420193733,-0.974482027,-0.158220266,-1.059174867,-1.121008974,-0.977727275,-1.374546302,-0.196695642,-0.601327421,-0.318261211,-0.966251821,-0.384114899,-0.28521435,-1.189692349,-1.418941131,-0.084044997,-0.846956335,-0.716661285,-1.79201648,-1.160853318,-0.75579507,-0.370952256,-1.240821865,-0.222202344,-1.185534382,-0.210680632,-1.419814777,-1.387797132,-0.841394985,-0.365716,-0.248290107,-1.735499876,-0.662054635,-0.148624623,-1.77230452,-0.906040685,-0.572064907,-1.471326511,-0.780200877,-1.2873361,-1.135049481,-1.664543254,-0.941778231,-0.250415048,-1.10398741,-0.30654859,-0.29855743,-0.148590364,-0.119837778,-0.231457226,-0.039124238,-0.933475475,-0.225012196,-1.448132464,-1.192082632,-0.485796097,-1.148192662,0.053365466,-1.43314465,-1.750682631,-1.588524647,-1.485330744,-1.754901711,-1.3310001,-1.537806489
238,-0.672812889,-0.702687998,-0.251159649,-0.090501938,-0.607675161,-0.119388471,-0.113214622,0.11135479,-0.912750938,-0.642585828,-0.877227658,-1.092542592,-0.152094881,-1.091188883,-0.672825293,-1.090914605,-0.742307062,-1.127378041,-0.803195466,-0.145582772,-0.88537646,-0.918368441,-0.7930689,-1.151706028,-0.156424701,-0.507009408,-0.26794656,-0.781918705,-0.30164596,-0.234397466,-0.961596381,-1.145992735,-0.068232428,-0.705574625,-0.608923801,-1.473722033,-0.937660095,-0.637529905,-0.305905629,-0.994679535,-0.196432793,-0.956887993,-0.183715797,-1.168647154,-1.108268043,-0.725428012,-0.301501883,-0.209298423,-1.417734241,-0.56349004,-0.110739652,-1.438408798,-0.735951505,-0.443962041,-1.117525176,-0.65748072,-1.019447561,-0.918159938,-1.315567414,-0.779206633,-0.188466018,-0.898156386,-0.274124073,-0.243623455,-0.126403902,-0.112989324,-0.205277203,-0.019933423,-0.774945441,-0.17823547,-1.159029339,-0.998735949,-0.4056553,-0.937920941,0.035922786,-1.178410893,-1.427632323,-1.289323378,-1.211031462,-1.43760487,-1.0905339,-1.253844257
239,-0.547417247,-0.585294453,-0.206669431,-0.080197904,-0.472194575,-0.109865973,-0.097472006,0.076278154,-0.74177679,-0.546353947,-0.710383218,-0.88448517,-0.147493579,-0.887779883,-0.562890321,-0.882970695,-0.638182368,-0.916634398,-0.659718848,-0.135431239,-0.72259098,-0.736303768,-0.629535127,-0.965365318,-0.122913141,-0.430470526,-0.22739701,-0.639855291,-0.249697554,-0.195202752,-0.772625556,-0.932686337,-0.060194922,-0.573819221,-0.51111054,-1.179351024,-0.744545946,-0.535567485,-0.255528015,-0.806972453,-0.180231829,-0.743909855,-0.15604546,-0.95889648,-0.877249418,-0.613280514,-0.251618565,-0.189057596,-1.142881226,-0.505683095,-0.081876235,-1.139442014,-0.586222126,-0.354492872,-0.920144531,-0.529918494,-0.826904109,-0.734236905,-1.066387892,-0.629117655,-0.143697888,-0.675346821,-0.255108678,-0.200786938,-0.107939904,-0.095938248,-0.180964167,-0.019303283,-0.632091519,-0.144139053,-0.935409686,-0.819215206,-0.353718719,-0.757787721,0.029844694,-0.922414528,-1.135866096,-1.029516303,-0.974085546,-1.179148919,-0.876505616,-1.005575473
240,-0.448294876,-0.458920904,-0.169462861,-0.064869655,-0.347714805,-0.095315648,-0.081484044,0.056136887,-0.594494505,-0.460429678,-0.571676082,-0.686116455,-0.126303181,-0.673019974,-0.452476094,-0.705758467,-0.532074027,-0.699209718,-0.528340657,-0.125890282,-0.574161224,-0.574724429,-0.472448362,-0.770920589,-0.094102266,-0.355078159,-0.183493838,-0.468553326,-0.187029804,-0.163184706,-0.616985485,-0.724799788,-0.04502334,-0.463940982,-0.427814342,-0.935620935,-0.591877585,-0.438529386,-0.219290591,-0.616896519,-0.161695979,-0.537774754,-0.133010052,-0.770531278,-0.669117087,-0.513891758,-0.211113725,-0.179012817,-0.908383588,-0.425316616,-0.055050515,-0.888121632,-0.451431068,-0.290609497,-0.659861396,-0.412628753,-0.624370949,-0.566765501,-0.799554845,-0.507465842,-0.095475785,-0.469385415,-0.242326293,-0.166264642,-0.094256745,-0.08899548,-0.158706602,-0.031122941,-0.508203025,-0.120075849,-0.731760653,-0.641570643,-0.304692755,-0.592995939,0.021936418,-0.727450959,-0.889624391,-0.805567221,-0.77384641,-0.945729761,-0.692191425,-0.798094871
241,-0.371684802,-0.373735516,-0.146866386,-0.070373029,-0.256189558,-0.078266411,-0.080958963,0.028549929,-0.469279129,-0.364417136,-0.468452652,-0.534373754,-0.101478003,-0.513226554,-0.356816076,-0.561561933,-0.430343752,-0.54539182,-0.430669684,-0.115031788,-0.481696671,-0.461318118,-0.369364102,-0.631350239,-0.077152983,-0.291413781,-0.160792261,-0.37327542,-0.13015865,-0.143919708,-0.491030888,-0.577359971,-0.05397508,-0.363472071,-0.356559526,-0.733434972,-0.46961534,-0.362164108,-0.18856601,-0.489507913,-0.140363572,-0.375582506,-0.122711579,-0.602343271,-0.49803452,-0.436167472,-0.183026969,-0.156372953,-0.721814528,-0.361789927,-0.036539919,-0.68123532,-0.355357643,-0.221045007,-0.485364979,-0.319161599,-0.482171928,-0.44672219,-0.578657922,-0.426386494,-0.076776623,-0.385046661,-0.233616554,-0.144453492,-0.082793527,-0.094621377,-0.137127859,-0.023366037,-0.407612598,-0.104407099,-0.557023826,-0.506206982,-0.27411553,-0.470933476,0.003110461,-0.57084353,-0.686014005,-0.610230093,-0.605789973,-0.752040636,-0.550158156,-0.628925877
242,-0.311081632,-0.312082474,-0.115201237,-0.067296151,-0.202032298,-0.065650649,-0.069669594,0.007216433,-0.373503156,-0.307901278,-0.371896266,-0.431680712,-0.086672733,-0.435470187,-0.279516267,-0.440290405,-0.343328346,-0.446410967,-0.339332362,-0.103661811,-0.420142954,-0.367582058,-0.296865511,-0.51659371,-0.043625766,-0.244712055,-0.127816538,-0.302860571,-0.093061954,-0.107399765,-0.400847975,-0.45790668,-0.05439115,-0.278604393,-0.280366282,-0.554347309,-0.361823201,-0.291014299,-0.125806053,-0.411477878,-0.12039082,-0.277503767,-0.098197434,-0.457761265,-0.36908265,-0.361501332,-0.125461198,-0.124712983,-0.563955874,-0.313024548,-0.025524994,-0.508648227,-0.306675573,-0.163323829,-0.435989605,-0.265726483,-0.408087962,-0.357634848,-0.442904918,-0.346225665,-0.051939121,-0.306756856,-0.156275695,-0.110810476,-0.06333199,-0.074789749,-0.115920595,-0.009282344,-0.335799492,-0.071330195,-0.44259843,-0.374630258,-0.155767759,-0.377521303,-0.001497404,-0.430788159,-0.512380953,-0.451023093,-0.467079705,-0.593094653,-0.430946315,-0.48243881
243,-0.250001589,-0.243495091,-0.092603556,-0.054297034,-0.163190574,-0.061684272,-0.048413327,0.011302135,-0.276617302,-0.261972214,-0.292945573,-0.325797241,-0.078845948,-0.319971303,-0.232847775,-0.343939017,-0.276197947,-0.334107179,-0.265763776,-0.102490645,-0.330257062,-0.290947336,-0.210862034,-0.392175642,-0.033225132,-0.199964472,-0.088970711,-0.216233641,-0.045408696,-0.083411738,-0.314083124,-0.347870394,-0.038856743,-0.221055914,-0.232389056,-0.420893692,-0.271848846,-0.229321699,-0.09369167,-0.2967296,-0.102328553,-0.241275678,-0.075848379,-0.347937382,-0.254125882,-0.291725786,-0.093100034,-0.10259128,-0.421305074,-0.261882458,-0.019610434,-0.378556115,-0.234203023,-0.113632667,-0.296617897,-0.204461931,-0.300864984,-0.261965,-0.282733064,-0.272978536,-0.057460814,-0.199640858,-0.106594104,-0.088646751,-0.056113293,-0.036144269,-0.097689411,0.019017963,-0.267692167,-0.05641788,-0.331928306,-0.281460052,-0.087560114,-0.283456865,0.017859822,-0.360637172,-0.374257184,-0.320173175,-0.368097496,-0.453887037,-0.332021344,-0.361938879
244,-0.192764795,-0.196163028,-0.078947199,-0.048224063,-0.146001463,-0.056332688,-0.040923712,0.014626633,-0.207676582,-0.212776694,-0.216763609,-0.2487754,-0.073147182,-0.23776408,-0.182420629,-0.2691124,-0.242094724,-0.261732667,-0.196960967,-0.086614589,-0.271761542,-0.221573253,-0.164860051,-0.29737489,-0.024406173,-0.177786129,-0.069418098,-0.188084903,-0.036881734,-0.069623536,-0.236042135,-0.274672699,-0.036238275,-0.186514744,-0.196543976,-0.330688583,-0.191294099,-0.178386313,-0.074942417,-0.228656755,-0.087480319,-0.202592394,-0.063803956,-0.257850274,-0.186680496,-0.22793101,-0.073223835,-0.094280757,-0.319763624,-0.217541562,-0.022639506,-0.292996896,-0.198829584,-0.069836565,-0.219367562,-0.166321503,-0.239769998,-0.19917052,-0.185556886,-0.20554458,-0.065225071,-0.187109078,-0.072907917,-0.075319684,-0.043037534,-0.034079792,-0.080068666,0.009562331,-0.216523789,-0.036366189,-0.258729464,-0.197495455,-0.051972032,-0.219134104,0.023853773,-0.301755568,-0.282233789,-0.233641202,-0.298497546,-0.336477291,-0.255295391,-0.269666084
245,-0.138753476,-0.152609912,-0.062300963,-0.036048995,-0.120373751,-0.050278958,-0.033131714,0.011005883,-0.153977671,-0.181640505,-0.154795656,-0.20628507,-0.073616532,-0.212430132,-0.143627757,-0.1978857,-0.216509778,-0.227950255,-0.145574838,-0.071130581,-0.200201696,-0.164432861,-0.123947975,-0.215726235,-0.018887845,-0.158279953,-0.054824324,-0.164671304,-0.038664668,-0.053503243,-0.182132187,-0.228817692,-0.028166071,-0.149941073,-0.162976381,-0.259250169,-0.12687959,-0.143131228,-0.051140616,-0.189981184,-0.078512173,-0.117495211,-0.047705498,-0.208091562,-0.14877374,-0.172348542,-0.052785809,-0.088965012,-0.249605106,-0.199420155,-0.011714643,-0.231954432,-0.168341085,-0.052452228,-0.222663084,-0.123391127,-0.214787187,-0.151863358,-0.157111871,-0.144494427,-0.039412814,-0.132488035,-0.04548534,-0.059542122,-0.026713457,-0.031357354,-0.06440877,-0.024187081,-0.166682541,-0.013910025,-0.21542779,-0.133528972,-0.025261652,-0.169067785,0.029607174,-0.243604408,-0.215959602,-0.173625873,-0.240456975,-0.259230387,-0.196373498,-0.20576904
246,-0.11594352,-0.100741063,-0.048099285,-0.023859829,-0.089902674,-0.040015155,-0.027144151,0.013260057,-0.111340134,-0.142765117,-0.116811942,-0.150102606,-0.062152747,-0.151290641,-0.107956349,-0.150873091,-0.1844201,-0.159718898,-0.099584832,-0.056076913,-0.152288112,-0.127850172,-0.081062835,-0.14753752,-0.009201785,-0.134524666,-0.042620403,-0.091000095,-0.020499744,-0.039669361,-0.1384617,-0.166232521,-0.017308539,-0.11475457,-0.130910022,-0.206768441,-0.096908751,-0.115610622,-0.030372643,-0.131823496,-0.06737648,-0.041720495,-0.038361915,-0.163163394,-0.104212281,-0.14373147,-0.036218192,-0.092545624,-0.191858188,-0.14139293,-0.000572069,-0.177373265,-0.136092112,-0.053632183,-0.134115661,-0.104571277,-0.156361425,-0.103916516,-0.083117958,-0.107654914,-0.010369565,-0.069140367,-0.029692991,-0.046204945,-0.018821507,-0.042127303,-0.047888231,-0.042403224,-0.138049732,-0.008476035,-0.157446947,-0.074264644,0.000715818,-0.117292089,0.028986044,-0.183852265,-0.159863829,-0.119032403,-0.184094993,-0.201520204,-0.146652305,-0.159520723
247,-0.119747362,-0.059749408,-0.042621738,-0.021242388,-0.06444631,-0.034989804,-0.025827781,0.018913962,-0.065891128,-0.101266109,-0.11158,-0.089951748,-0.052381958,-0.071388855,-0.089582725,-0.123119303,-0.142898039,-0.085592557,-0.082009854,-0.048559979,-0.113365156,-0.114790643,-0.063089993,-0.1347491,-0.01833242,-0.11266528,-0.031482927,-0.016389131,-0.009562358,-0.037588505,-0.120303065,-0.10491765,-0.01361655,-0.107011576,-0.102338728,-0.148861467,-0.074070624,-0.089446924,-0.029888589,-0.071981211,-0.054425543,-0.004959401,-0.039581067,-0.108834926,-0.052221778,-0.142848144,-0.039880952,-0.074639833,-0.134223034,-0.094559249,0.009472076,-0.114779535,-0.10351033,-0.056801758,-0.009494087,-0.102029735,-0.083825031,-0.066260488,0.019849815,-0.108281823,-0.004153562,-0.053589273,-0.032973723,-0.04153271,-0.01940227,-0.065639134,-0.043614931,-0.021032536,-0.123291533,-0.006794907,-0.087533096,-0.044442541,-0.03129147,-0.077753907,0.014563285,-0.129563687,-0.100532453,-0.062572284,-0.127491989,-0.147420391,-0.10814566,-0.11739974
248,-0.133256534,-0.037981418,-0.034347865,-0.01963284,-0.05461885,-0.031320347,-0.023023428,0.038470992,-0.043464138,-0.075855196,-0.111471933,-0.050988745,-0.045311283,-0.038752432,-0.07849992,-0.102944688,-0.111034959,-0.039851047,-0.071553664,-0.044993457,-0.103567974,-0.094521125,-0.055869459,-0.14784988,-0.005939186,-0.09368134,-0.018271841,0.017648403,0.00641872,-0.027732762,-0.099390477,-0.052247174,-0.011769392,-0.099249248,-0.074089443,-0.085673356,-0.058642031,-0.067749865,-0.030344079,-0.034930475,-0.038808227,-0.012781366,-0.036365809,-0.056992956,-0.0109273,-0.139122925,-0.02977108,-0.041579959,-0.07565941,-0.062818403,0.013227037,-0.051179703,-0.068405914,-0.067419928,0.017748314,-0.111390359,-0.041276839,-0.042115176,0.070107216,-0.112393697,0.002092726,-0.02261326,-0.019785456,-0.032594298,-0.014136477,-0.065579047,-0.038671168,-0.00811721,-0.118208128,0.007043986,-0.037520451,-0.02358605,-0.009438192,-0.053569313,-0.004768063,-0.054870929,-0.041335027,-0.009240795,-0.063947238,-0.088945241,-0.06700122,-0.070260601
249,-0.125982174,-0.020331459,-0.030078462,-0.022786652,-0.034353954,-0.018655685,-0.025804338,0.047176487,-0.01757896,-0.07003483,-0.098163451,-0.03398977,-0.03276006,-0.036889901,-0.06987049,-0.080918306,-0.087832534,-0.024465764,-0.064594596,-0.036436876,-0.078406131,-0.065282614,-0.039683613,-0.11203804,-0.002005883,-0.063345503,-0.015738226,0.042252384,0.039356052,-0.021355353,-0.069926237,-0.024001719,-0.018080745,-0.080483164,-0.059997915,-0.038140074,-0.035114391,-0.047718062,-0.045530147,-0.014371406,-0.025164155,-0.028380006,-0.032615778,-0.031609105,0.006752564,-0.119774877,-0.020259881,-0.028191976,-0.032327815,-0.036111147,0.018477626,-0.013180828,-0.036943791,-0.042156003,-0.001368488,-0.090097089,-0.02682063,-0.019417499,0.074916191,-0.108812875,-0.004535362,0.011636144,-0.024804857,-0.027800966,-0.003583618,-0.064901501,-0.021644913,-0.04002177,-0.10114778,0.014392637,-0.005475073,-0.024142341,0.027061339,-0.028907556,0.002260998,-0.026037237,-0.00499376,0.028516709,-0.020035812,-0.039072517,-0.037421598,-0.034379116
250,-0.095489603,-0.012192346,-0.022935591,-0.023864149,-0.032625851,-0.014739107,-0.023654384,0.053692081,-0.012749727,-0.033389815,-0.074864836,-0.020375097,-0.024067951,-0.024513335,-0.047889604,-0.061348194,-0.077678434,-0.01641376,-0.042836564,-0.029641469,-0.067266657,-0.043560313,-0.024863085,-0.07193737,0.009109843,-0.046696178,-0.008307968,0.02018003,0.026605173,-0.01654504,-0.033573694,-0.01287751,-0.021963316,-0.061180155,-0.05589361,-0.01613157,-0.014521838,-0.028062712,-0.037869367,-0.010587638,-0.013986769,-0.017762198,-0.024141705,0.001655038,0.011243116,-0.093136131,-0.016959351,-0.017314433,-0.008655789,-0.021785827,0.014248681,0.003200772,-0.041103344,-0.016807289,-0.003327838,-0.042659087,-0.027862406,-0.015524139,0.094783009,-0.086733615,0.000121347,0.035020258,-0.027454399,-0.020815377,-5.92E-05,-0.045578008,-0.011973443,-0.068877752,-0.067880875,0.015586019,0.013346849,0.003212183,0.008655253,-0.019844044,0.012842898,-0.027693615,0.015145947,0.053578125,-0.001474509,0.000233141,-0.020084552,-0.011763035
251,-0.056540493,-0.007677565,-0.015241653,-0.019876463,-0.027198419,-0.012245962,-0.019696918,0.034801743,-0.01041884,0.004991929,-0.040214781,-0.037953543,-0.029708383,-0.061386596,-0.018893555,-0.037567229,-0.066551233,-0.043847695,-0.033388246,-0.024828712,-0.043280004,-0.021907896,-0.018659386,-0.031578194,0.010831006,-0.042365048,-0.005858821,-0.011653649,0.019225054,-0.007828397,-0.027759603,-0.024346661,-0.020760982,-0.052741691,-0.052480743,-0.004415613,-0.012219741,-0.01476032,-0.020366459,-0.03054109,-0.013790338,0.023125382,-0.013811185,0.016236382,-0.008191617,-0.055097743,-0.002600338,-0.016116953,-0.000195631,-0.035195662,0.013952711,0.001975265,-0.040688901,0.013844713,-0.077276031,-0.014396793,-0.054088997,-0.02107304,0.0562987,-0.04780177,0.020882043,0.043437611,-0.014079263,-0.013182319,0.012478271,-0.027908474,-0.00320675,-0.090148034,-0.038594519,0.028108747,-0.004074015,0.021122226,0.038873757,-0.024184158,0.015483678,-0.052112009,0.021372569,0.055370101,-0.004038522,0.016784739,-0.019232485,-0.006452862
252,-0.033054824,0.00024726,-0.013678751,-0.011090331,-0.014497331,-0.009049674,-0.010954668,0.020147805,-0.007213746,0.010672531,-0.022310881,-0.030961162,-0.022329785,-0.053782354,-0.007817405,-0.024403215,-0.055406413,-0.044395773,-0.02343368,-0.023790683,-0.04023484,-0.02246983,6.42E-05,-0.035909881,0.004737353,-0.046288052,0.000725044,-0.018284422,0.01431169,-0.00672093,-0.027414589,-0.026046677,-0.00924819,-0.035975865,-0.052766772,-0.00600293,-0.007724578,-0.009084585,-0.006154881,-0.031893852,-0.014469889,0.074235674,-0.008992387,0.019069889,0.000819281,-0.041839723,-0.000477142,-0.021400139,-0.005847411,-0.040483521,0.01474066,0.003557792,-0.039336191,0.021930691,-0.078918255,0.000523628,-0.0538087,-0.016570921,0.065993092,-0.018676454,0.027681331,0.095239885,-0.019545131,-0.011976234,0.007167331,-0.012546167,0.000153458,-0.05553997,-0.021718317,0.013355483,0.002397694,0.024354141,0.039413064,-0.019700016,0.013350176,-0.040342653,0.024774016,0.064355721,-0.001260866,0.010531887,-0.011526031,-0.008147843
253,-0.031785057,0.014792555,-0.015642962,0.001392436,-0.006024748,-0.007822604,0.004469175,0.023554887,0.007273671,0.009137978,-0.028557452,-0.008389891,-0.016181203,-0.004618721,-0.019189257,-0.021812231,-0.045168609,-0.023178401,-0.028211941,-0.02101168,-0.026567747,-0.015050668,0.018517644,-0.042213281,-0.003695173,-0.043136932,0.017103828,0.02050488,0.014018594,-0.011554419,-0.021749262,-0.025089428,0.008151309,-0.037116425,-0.047149359,0.000549582,0.002756862,-0.000920479,0.005871215,0.00101876,-0.010716157,0.068851148,-0.004288139,0.017563419,0.025475154,-0.044958806,-0.010346238,-0.015077654,-0.000610944,-0.013803776,0.023606032,0.019924325,-0.029252443,0.028878599,0.006008876,0.004941786,-0.02530804,0.003377686,0.126021229,-0.023609481,0.008502941,0.114171935,-0.023006437,-0.014800536,-0.000783614,0.002664149,-0.006463239,-0.010089114,-0.009429722,0.006774398,0.01539664,0.017898519,0.00410632,-0.001365456,0.02583276,-0.041887912,0.039530841,0.074505571,-0.012719904,0.001563497,-0.007191585,-0.004965971
254,-0.041049586,0.000682431,-0.020065761,0.008964819,-0.005607663,-0.010803205,0.014805959,0.033206546,0.006228963,-0.007711766,-0.035291723,0.002220249,-0.011649158,0.006741915,-0.031243645,-0.026019746,-0.047422784,-0.013883531,-0.040065586,-0.020953323,-0.022290234,-0.022572201,0.015829677,-0.056479337,-0.00222382,-0.035586673,0.021989081,0.028596864,0.001536933,-0.016660278,-0.016304181,-0.01752543,0.018887159,-0.048933701,-0.038385861,0.004778802,-0.003942371,0.002001285,-0.015220318,0.017477627,-0.008615524,0.001447977,-0.00170152,0.016020976,0.037079024,-0.044247295,-0.021899835,-0.012727495,0.014321946,-0.023566649,0.020403034,0.026500899,-0.022748966,0.012701487,0.012029091,-0.003194382,-0.017894269,0.010317759,0.130865915,-0.026062557,0.001036097,0.110043229,-0.023030971,-0.019410462,-0.007190163,0.019542943,-0.018291996,0.019983335,-0.013067742,-0.006594339,0.014637163,0.019694057,-0.021040663,0.005162301,0.046292724,-0.009307851,0.048729911,0.077074612,-0.01192508,0.003785664,0.005501595,0.003445707
255,-0.052400674,-0.009733622,-0.022108803,0.002057609,-0.004927419,-0.009483694,0.00857516,0.031677372,0.005459741,-0.056464691,-0.038249911,0.002852887,-0.007149554,0.004454293,-0.053288716,-0.030729011,-0.045802311,-0.010479537,-0.042442133,-0.017164525,-0.017178444,-0.021851498,0.005823179,-0.052982156,0.00211348,-0.03208859,0.015863646,0.037085903,4.47E-05,-0.014522871,-0.001562719,-0.015330761,0.009743917,-0.044320462,-0.024013771,-0.000975598,0.0075913,0.004307585,-0.014266693,0.017396995,-0.010169402,-0.009610646,-0.003386695,0.00945019,0.0359735,-0.050623829,-0.012055554,-0.022989333,0.013078608,-0.033423739,0.015414429,0.021695597,-0.042049597,0.000235412,0.009089627,-0.040634009,-0.02942794,0.010696251,0.134015123,-0.029622127,-0.001025421,0.098489224,-0.004621926,-0.020178725,-0.008181392,0.014943179,-0.018280148,-0.014948269,-0.036376802,-0.012105629,0.006082612,0.014201017,0.025798933,0.011186506,0.064130998,0.007965755,0.047722733,0.076989425,-0.017398044,0.006333621,0.008673571,0.002444636
256,-0.042589689,-0.01696188,-0.014523992,0.005892299,-0.014904071,-0.016692428,0.015376391,0.046763869,0.000969967,-0.071933197,-0.048736279,0.035636959,-0.007909427,0.06291794,-0.063873489,-0.036376757,-0.039816065,0.056516608,-0.031587844,-0.025656971,0.003250246,-0.034103451,0.005014061,-0.045093286,0.000177644,-0.02553145,0.029178041,0.028139508,-0.009912715,-0.006207268,0.014553928,0.035602562,0.016176955,-0.044842152,-0.009321458,-0.011847011,0.009701652,0.012655232,-0.016533529,0.048074093,-0.005091562,-0.022790638,0.003232458,0.026287036,0.048902297,-0.056676014,-0.00463572,-0.014028366,0.011351434,-0.03595574,0.019763842,0.019443035,-0.063205987,-0.00181531,0.114080085,-0.018655148,0.013670654,0.007282758,0.200133496,-0.041882666,-0.002981783,0.087213263,0.031402459,-0.012865226,-0.016432363,0.032817524,-0.015512235,-0.027398253,-0.026687128,-0.00410246,0.025624899,0.013330153,0.042892456,0.007799955,0.084119937,0.01507923,0.048339061,0.080534856,-0.009957852,-0.005402984,0.017823949,0.000356462
257,-0.029042672,-0.008428954,-0.011759292,0.010436355,-0.001385243,-0.020156511,0.016606671,0.040209014,-0.000444958,-0.056142889,-0.038915751,0.036117795,-0.019181768,0.058576898,-0.046735173,-0.031655838,-0.02330632,0.07113462,-0.023246159,-0.029713312,0.020793835,-0.04154439,-0.007776998,-0.026231205,-0.004562252,-0.014853687,0.025875727,0.015347066,0.001881282,-0.002839387,0.010361646,0.055127568,0.02166315,-0.06339719,-0.00930225,-0.00081123,0.010872496,0.017464049,-0.001447071,0.049777112,-0.005811761,0.014535539,0.004382309,0.041142012,0.048077082,-0.039986575,0.000539447,-0.009745334,0.017827125,-0.045440646,0.02379639,0.026642331,-0.048570764,0.008260819,0.109882483,-0.021482127,0.029417122,0.005747371,0.195918587,-0.034957972,-0.005529339,0.045756769,0.043895046,-0.009743847,-0.016446228,0.026784934,-0.008812478,-0.013858466,-0.027454143,0.00342774,0.025868304,0.021042739,0.05244264,0.000927551,0.074190595,0.016902492,0.055864959,0.083275635,-0.001410397,0.001476125,0.019354906,0.000489818
258,-0.003015313,0.005294351,-0.007336182,0.01813811,0.02301494,-0.0157913,0.020758091,0.038085778,-0.000244729,-0.031562755,-0.02248893,0.048310969,-0.011337644,0.074643431,-0.030515114,-0.015307585,-0.010031005,0.075445,-0.01208779,-0.024922322,0.022640521,-0.041637115,0.011407674,-0.027887635,-0.00565042,-0.014740114,0.024396586,0.029953215,0.01008488,-0.002890356,0.003624924,0.055260845,0.030214542,-0.060585269,-0.017372623,-0.006281952,0.002104957,0.010443324,-0.012825114,0.059606497,-0.002183474,0.018782126,0.003662549,0.043081956,0.052940932,-0.023024543,-0.006807081,-0.00479221,0.014078192,-0.043307331,0.022467721,0.025753785,-0.019300167,0.008206559,0.122022271,-0.001627,0.048263914,0.016433812,0.200589122,-0.009213237,-0.010054558,0.076712012,0.022443737,-0.00745587,-0.017914487,0.03236696,-0.001446681,0.009908347,-0.015988276,-0.002849415,0.044533845,0.028731318,0.023328666,0.007911574,0.063099928,0.059543702,0.052632279,0.086995407,0.015646816,-0.000485691,0.029115655,-0.001256233
259,0.001349439,0.007017169,-0.002825211,0.018569149,0.030469568,-0.01477684,0.0191416,0.029606404,0.007322716,-0.02194261,-0.009949501,0.037047877,-0.018297757,0.060005826,-0.024472289,-0.003298947,-0.00369846,0.039965744,-0.002479901,-0.015454096,0.011007385,-0.013096202,0.013126493,-0.005383085,0.007731092,0.006655155,0.017088719,0.035952134,0.022856912,-0.001129115,0.012975992,0.020049864,0.02806322,-0.048299924,-0.017146237,-0.000502835,0.004480239,0.003459604,-0.006288485,0.049197301,-0.0055816,0.014336529,0.002186656,0.021601862,0.03474836,-0.015913982,-0.00569604,-0.022300833,0.017306534,-0.036902303,0.020196989,0.022828299,-0.005244473,0.013383834,0.087699802,0.001509762,0.028639242,0.023199899,0.175486506,-0.002481191,-0.017903535,0.043454279,0.013269443,-0.003878939,-0.011997205,0.019171941,0.000969418,0.034366685,-0.011536755,-0.001593885,0.049513219,0.033364304,0.015131402,0.018061548,0.044861647,0.056297505,0.049320685,0.087421,0.016959961,0.003826213,0.024774755,0.000966527
260,0.01498472,-0.011161524,-0.005561231,0.017926439,0.023767699,-0.007522735,0.01800033,0.0156683,0.017644671,-0.025561018,0.010021766,0.00288094,-0.012957455,-0.009149315,-0.01212992,0.001802883,-0.013150615,-0.021664641,-0.00160943,-0.002411865,-0.011400647,0.016591348,0.015579876,0.006790731,0.016284736,0.007978292,0.005389356,0.020418969,0.020468827,-0.005760222,0.004910591,-0.015032152,0.023971975,-0.02548048,-0.021817595,-0.002429034,0.008023756,-0.005210501,-0.036859037,0.010320271,-0.007439475,-0.011275221,0.001411903,0.010359081,0.015091661,0.003110141,-0.017240097,-0.028914871,0.007756884,-0.054223858,0.014383473,0.00872707,0.010163626,0.025077294,-0.045865325,0.000442162,-0.018617993,0.017015284,0.083941844,0.023798618,-0.009667152,0.05509757,-0.003346535,-0.006711877,-0.008348574,0.000308207,-0.003182083,0.06818638,-0.015439397,-0.013739331,0.025800948,0.038379548,-0.024091131,0.013492779,0.04288753,0.056358333,0.035326869,0.076579204,0.019205795,-0.00103547,0.021631456,0.002018675
