,1A0S,1A6M,1A49,1ADO,1AIR,1AX8,1B8E,1BA7,1BE3,1BGL,1BLF,1BN6,1CBJ,1CF3,1DGF,1DOT,1ED9,1ELP,1FA2,1FCP,1FEP,1GPB,1HA4,1HA7,1HC9,1HDA,1HK0,1HNN,1HRC,1HZX,1IGT,1J95,1K6J,1KCW,1KPK,1L7V,1LES,1LIN,1M8U,1N5U,1NEK,1NKZ,1NLS,1NQH,1OFS,1OVA,1PCR,1PPN,1QFE,1QHJ,1RH5,1RHS,1T5S,1THW,1UBI,1UNE,1XL4,1YMB,2A65,1BB2,2CFQ,2CGA,2CTS,2DHQ,2DYR,2GIF,2J58,2NOP,2NR9,2OAR,2PSG,2VDF,2WJN,3DNI,3EST,3JQO,3PGK,3PMG,3RN3,4GCR,5CHA,7TIM,193L
180,-0.213468,5.15805,0.122388,2.19357,-2.39127,4.64913,-0.978407,-0.83654,0.683351,0.451836,1.01915,1.00738,-2.18794,0.383326,0.274866,0.627357,0.509128,-1.47293,-0.000736615,-3.49794,-1.37137,1.79531,-0.328981,5.43743,-2.41835,3.21933,-2.03709,0.688195,1.84704,6.77405,-1.72079,4.59285,-1.19002,-2.69059,5.99,2.61781,-3.86727,2.06393,-1.13717,6.30692,2.07782,6.91602,-2.30368,-4.38341,-3.52602,1.42289,0.695599,1.95452,0.895341,2.10365,5.80798,-0.592856,1.94178,-1.18492,-0.970114,2.44443,0.462741,5.14936,3.46441,-1.45377,3.09104,0.455299,3.48841,2.32425,-0.210266,1.82543,0.563255,3.84225,2.40037,5.64831,-2.29038,-2.11311,2.72648,-1.22207,-0.0707075,1.69522,1.2597,0.715863,0.652632,-2.152,-0.246813,2.44036,1.0807
181,0.0673711,5.75064,0.556068,2.69014,-1.96737,5.2455,-0.365564,-0.411038,1.27283,0.800404,1.38208,1.34281,-1.82909,0.894798,0.77918,1.07131,0.904295,-0.823065,0.572949,-2.97554,-1.18252,2.35611,0.523055,6.15735,-2.5606,3.49185,-1.63977,1.03004,2.06999,7.0249,-1.62126,5.89262,-0.913179,-2.3877,6.95,3.14674,-3.61146,2.51522,-0.471203,7.0698,2.52299,7.65928,-1.99028,-3.80249,-3.09146,2.23524,1.0279,2.14847,1.3625,2.46684,6.45185,-0.0712608,2.65688,-0.865661,-0.637368,2.73535,0.711966,5.77043,4.23338,-1.15218,3.58858,0.742126,4.03971,2.84345,0.221999,2.34722,1.32979,4.75309,2.78732,6.18819,-2.137,-1.59677,3.17696,-0.92271,0.160664,1.85253,1.81951,1.32424,0.808588,-1.63894,0.105151,3.02867,1.4648
182,0.545362,6.43617,1.20073,3.21849,-1.44035,5.79784,0.35386,0.0440104,1.94208,1.1229,1.86844,1.67078,-1.43616,1.6486,1.38575,1.4921,1.37635,-0.0969086,1.15532,-2.39142,-0.941395,2.99266,1.34385,7.01317,-2.6017,3.86037,-1.24626,1.36186,2.24362,7.31617,-1.49296,7.14853,-0.655785,-2.07659,7.98,3.91751,-3.31553,3.09114,0.139729,7.88529,3.04863,8.47594,-1.64719,-3.05739,-2.71265,3.04832,1.37885,2.35081,1.90033,2.92349,7.1015,0.504654,3.428,-0.520939,-0.315513,3.05762,1.04834,6.4705,5.23925,-0.639989,4.07943,1.00076,4.87048,3.43017,0.832017,2.89584,1.90862,5.64742,3.27973,6.78479,-1.92222,-1.04381,3.76638,-0.583643,0.403715,2.1194,2.29826,2.00671,0.935402,-0.993486,0.495588,3.74196,1.9377
183,1.03369,7.28226,1.75435,3.63388,-0.863363,6.47057,1.04342,0.50494,2.71883,1.43499,2.19339,2.42351,-0.969626,2.44715,1.98114,2.02189,1.76087,0.625805,1.76379,-1.71742,-0.721685,3.63216,2.12366,8.07955,-2.72574,4.32963,-0.776557,1.93717,2.44702,7.6934,-1.34107,8.02546,-0.318758,-1.72302,9.1,4.75393,-2.9943,3.71854,0.799801,8.87793,3.63068,9.38358,-1.35282,-2.19415,-2.26788,3.86036,1.83698,2.61134,2.49134,3.5813,7.84754,1.08394,4.25523,-0.137438,0.092194,3.37319,1.3799,7.36076,6.01342,-0.102908,4.74205,1.23114,5.91917,4.06663,1.49333,3.51314,2.26252,6.27582,4.28738,7.36497,-1.69897,-0.482953,4.33259,-0.218892,0.648802,2.52521,3.02707,2.70361,1.03843,-0.267388,0.891872,4.48259,2.40459
184,1.68527,8.29001,2.49654,4.27767,-0.206143,7.40366,1.69635,0.924187,3.579,1.7493,2.5988,3.26877,-0.447071,3.19483,2.66231,2.5998,2.19205,1.34102,2.35485,-1.04171,-0.480974,4.24538,2.73598,9.34548,-2.79324,4.94949,-0.264214,2.49736,2.6384,8.1458,-1.19018,8.94632,0.147252,-1.40513,10.3,5.49144,-2.66182,4.56079,1.44728,9.99296,4.31689,10.4315,-0.970398,-1.35651,-1.8049,4.5653,2.51399,2.7781,3.23391,4.41265,8.91916,1.69914,5.10297,0.277349,0.551803,3.76426,1.66243,8.41771,6.83046,0.569773,5.58175,1.41228,7.00001,4.76435,2.20598,4.35001,3.05926,7.04728,5.02883,7.93375,-1.42933,0.0753426,5.0627,0.316045,0.779252,2.76319,3.72298,3.47553,1.14052,0.547594,1.21403,5.23815,2.93923
185,2.35235,9.44284,3.20941,5.073,0.52118,8.17337,2.25593,1.34137,4.52283,2.08986,3.08077,3.6199,0.0333015,3.82398,3.30586,3.16476,2.74244,1.93471,2.88888,-0.426744,-0.30853,4.88217,3.14127,10.8556,-2.84206,5.72827,0.290281,3.03705,2.7501,8.6578,-1.01809,9.90081,0.660181,-1.11863,11.5,6.27877,-2.07552,5.51681,2.16401,11.0346,5.093,11.6592,-0.571529,-0.508884,-1.28048,5.24006,3.28937,2.98617,4.04427,5.42692,10.073,2.3601,6.09291,0.720204,1.06659,4.1932,2.03185,9.60005,7.65923,1.20193,6.45676,1.48541,8.10524,5.36344,2.97355,5.2421,3.89945,7.86492,5.73451,8.53714,-1.12541,0.522195,5.87791,0.792044,0.806908,3.09601,4.45729,4.2452,1.25161,1.42012,1.4716,5.99902,3.472
186,2.93686,10.7238,3.77404,6.01864,1.26539,9.02449,2.7891,1.7003,5.5495,2.41631,3.431,3.96879,0.484548,4.37823,3.90825,3.72565,3.30232,2.58363,3.37325,0.289148,-0.0826638,5.64255,3.35504,12.519,-2.84994,6.72561,0.929863,3.62271,2.82393,9.27379,-0.83051,11.0604,1.34172,-0.930239,12.7,7.0496,-1.38102,6.53501,2.87005,12.0995,5.84127,12.843,-0.237558,0.380248,-0.591282,5.8602,4.09156,3.17729,4.90816,6.57294,11.2529,3.0605,7.15604,1.20603,1.67453,4.63667,2.51535,10.893,8.47779,1.7947,7.53773,1.44737,8.96458,5.98704,3.90059,6.2102,4.23914,8.96668,6.61656,9.227,-0.770396,0.956895,6.65779,1.23153,0.711509,3.22993,5.40238,4.94232,1.32471,2.15629,1.59949,6.62776,4.07288
187,3.45032,12.0643,4.45652,7.23668,1.98535,10.1178,3.15276,1.93614,6.65584,2.67963,3.5801,4.52213,0.89366,4.85034,4.52647,4.29339,3.84685,3.11126,3.8976,1.01702,0.121865,6.36021,3.48776,14.3245,-2.77594,7.87665,1.53375,4.19667,2.95462,9.94429,-0.679207,12.1392,1.96849,-0.762189,13.9,7.96591,-0.568786,7.82812,3.58417,13.1545,6.70985,14.2141,0.186099,1.48525,0.154518,6.50039,4.95557,3.32364,5.87311,7.79794,12.405,3.68803,8.09888,1.7007,2.30864,5.06374,3.07051,12.1559,9.40741,2.41628,8.74962,1.28793,10.0583,6.51015,5.03567,7.22176,4.94487,10.1393,7.71593,9.95369,-0.320462,1.35853,7.42989,1.73417,0.50276,3.35718,6.14029,5.67458,1.40045,2.94748,1.60668,7.1258,4.66164
188,4.06394,13.4105,5.3432,8.41149,2.73137,11.1234,3.49685,2.02059,7.79169,2.96456,3.83579,5.2129,1.23379,5.34254,5.03478,4.95441,4.31846,3.49522,4.36303,1.78562,0.371238,7.1367,3.68003,16.1193,-2.63411,9.18067,2.12107,4.82325,3.03731,10.6401,-0.524345,13.1942,2.49686,-0.62518,14.9,8.8934,0.420902,9.16615,4.07524,14.0483,7.63149,15.573,0.612126,2.39707,0.924491,6.94467,5.94096,3.40836,6.71778,9.12874,13.4085,4.22313,9.13461,2.04496,2.86318,5.57638,3.64193,13.4423,10.5851,3.0022,10.0705,1.02325,11.1283,6.92507,6.15815,8.2064,5.16252,11.1678,8.87723,10.6498,0.107706,1.64521,8.26326,2.2059,0.194644,3.28707,6.75933,6.28006,1.51481,3.70275,1.60437,7.53027,5.19523
189,4.59219,14.662,5.95022,9.52093,3.30564,12.059,3.77904,1.98412,8.87109,3.22309,3.95884,6.15624,1.47895,5.73547,5.38204,5.56512,4.76215,3.75186,4.71125,2.54577,0.656572,7.81926,3.66447,17.7557,-2.52599,10.565,2.77946,5.48071,3.2455,11.3217,-0.383407,14.0856,3.04084,-0.467829,15.7,9.87694,1.43994,10.3622,4.39065,14.9479,8.57703,16.7598,1.0269,3.48002,1.79674,7.20722,6.90438,3.37918,7.55267,10.5432,14.233,4.70847,10.1645,2.39811,3.30435,6.00709,4.14364,14.6761,11.602,3.42281,11.5317,0.725951,12.2945,7.29388,7.15717,9.15077,5.29127,12.1387,10.0755,11.2585,0.527394,1.89359,8.9037,2.62266,-0.206363,3.14106,7.22855,6.8245,1.68276,4.44749,1.42137,7.80686,5.63131
190,5.02247,15.8042,6.48127,10.6104,3.81919,12.8251,3.9943,1.74244,9.84682,3.51627,4.19297,7.0428,1.60071,5.99043,5.63762,5.8883,5.17109,3.9273,4.9506,3.16804,0.952414,8.34181,3.50229,19.0325,-2.32779,11.8925,3.35536,5.97829,3.51654,11.9228,-0.275922,14.7084,3.54537,-0.35722,16.4,10.8411,2.42269,11.3432,4.52839,15.625,9.43634,17.6515,1.62955,4.4411,2.6232,7.37057,7.84431,3.1012,8.40202,11.9573,14.846,5.14548,10.8454,2.74898,3.65451,6.47138,4.57868,15.7075,12.8791,3.70454,13.0468,0.275366,13.4692,7.55676,8.04074,10.0288,5.21508,12.7486,11.2871,11.7859,0.956614,2.14024,9.53121,3.13782,-0.630714,2.79263,7.42272,7.32946,1.85966,5.07248,1.05084,7.85124,5.89491
191,5.36379,16.6555,6.778,11.4434,4.17436,13.1811,4.11133,1.28842,10.6002,3.72324,4.26297,7.45166,1.55154,6.17552,5.64046,6.00334,5.44483,3.98878,4.9285,3.78961,1.26521,8.70599,3.3551,19.8867,-2.14104,13.0706,3.84759,6.31096,3.76821,12.3157,-0.160176,15.0081,4.00035,-0.200221,16.8,11.4888,3.42247,12.0319,4.40141,15.9035,10.151,18.1158,2.24343,5.23159,3.31493,7.32184,8.68668,2.73729,9.1374,13.2218,15.1497,5.49799,11.2058,3.01667,3.83201,6.80725,4.95103,16.429,13.9889,3.90243,14.4517,-0.237348,14.2547,7.6727,8.84998,10.6665,5.02664,13.1311,12.238,12.2156,1.27573,2.37123,9.98098,3.48944,-1.05488,2.29495,7.5024,7.65309,2.03427,5.67336,0.607412,7.73214,6.00522
192,5.55123,17.1671,7.01859,11.9016,4.3283,13.1739,4.22748,0.624036,11.0869,3.92276,4.22161,7.95068,1.38078,6.26992,5.45466,6.06193,5.4214,3.93653,4.81478,4.35038,1.6046,8.84953,2.93413,20.2141,-1.87099,14.029,4.39699,6.48516,3.96854,12.4933,-0.0719515,14.9564,4.40279,-0.0628457,17.1,11.7936,4.18618,12.2566,4.15977,15.9425,10.5625,18.0044,2.8834,6.01873,3.887,7.26509,9.305,2.26219,9.72811,14.1853,15.1575,5.73816,11.2371,3.26135,3.91701,6.95974,5.20164,16.7458,15.0651,4.01107,15.6817,-0.847726,14.3315,7.69918,9.58271,11.1268,4.75159,13.3539,12.9007,12.5289,1.48908,2.63884,10.2516,3.72234,-1.52908,1.6743,7.69352,7.73475,2.15921,6.0425,0.00716072,7.46612,5.99826
193,5.55443,17.3342,7.2013,12.097,4.29815,12.8619,4.27084,-0.261431,11.3154,4.00252,4.07115,8.27309,1.17187,6.09619,5.06909,6.12417,5.14464,3.7472,4.56021,4.99857,1.92507,8.71946,2.51444,20.0449,-1.53735,14.6346,4.70736,6.45402,4.16809,12.3483,-0.0159841,14.4507,4.75783,0.0392064,17.1,11.88,4.75657,12.0731,3.83427,15.5985,10.6649,17.5083,3.56135,6.74324,4.34852,7.03452,9.76012,1.68101,10.1714,14.8492,14.8072,5.8259,10.9489,3.39419,3.71649,6.83356,5.30496,16.6902,16.0567,4.01834,16.7277,-1.33667,13.9503,7.61923,10.1642,11.3217,4.28692,13.2734,13.2396,12.6649,1.58631,2.99275,10.3147,3.90094,-1.96142,1.06738,7.62544,7.65833,2.17724,6.1941,-0.621811,7.04637,5.80926
194,5.45333,17.1135,7.28781,11.7863,4.1517,12.1652,4.32265,-1.30878,11.2629,4.0366,3.97165,8.52624,0.913038,5.78318,4.43844,6.2382,4.81352,3.5122,4.14148,5.57261,2.23295,8.33672,2.38674,19.3745,-1.2302,14.8465,4.96505,6.28136,4.25961,11.8748,0.0622557,13.5761,4.90299,0.137335,16.8,11.5685,5.22332,11.5181,3.36729,14.8449,10.4642,16.7207,4.08516,7.25701,4.68619,6.54785,9.97904,1.11685,10.1791,15.3533,14.0748,5.73614,10.341,3.35197,3.4212,6.52022,5.24677,16.2794,16.93,3.83806,17.355,-1.84067,13.0418,7.34942,10.4633,11.2682,3.60937,12.8901,13.2131,12.5405,1.56491,3.33187,10.225,3.82715,-2.416,0.371327,7.48588,7.23966,2.0985,6.23258,-1.13495,6.55395,5.47521
195,5.14034,16.4258,7.00071,11.0595,3.7234,11.0154,4.40997,-2.34048,10.896,3.9527,3.89986,8.53742,0.659201,5.16754,3.73672,6.21753,4.39599,3.31616,3.58952,5.94015,2.50322,7.71047,2.2784,18.1295,-0.902962,14.4953,5.08369,5.92843,4.31231,11.0453,0.122462,12.3155,5.01297,0.326101,16.2,11.0108,5.42901,10.5229,2.91804,13.7336,9.89794,15.4464,4.45486,7.54372,4.94866,5.89881,9.8883,0.519997,9.93782,15.6747,12.9117,5.46661,9.438,3.22732,3.00646,5.99496,5.03256,15.3843,17.2017,3.39691,17.6994,-2.20298,11.7808,6.86234,10.427,10.8161,2.91417,12.1938,12.7154,12.1635,1.48244,3.73464,9.79882,3.57387,-2.86396,-0.331417,6.95686,6.63343,1.93338,6.11798,-1.73614,5.97652,4.99968
196,4.69028,15.2064,6.432,10.0287,3.22095,9.51553,4.38141,-3.33043,10.0971,3.74841,3.83188,8.26031,0.387591,4.35334,3.07378,5.74179,3.95596,3.14475,2.85691,6.10802,2.71672,6.85282,2.19693,16.2087,-0.628597,13.4435,5.06512,5.38015,4.15725,9.83909,0.191497,10.5992,4.9587,0.474903,15.1,10.1499,5.37518,9.05549,2.52984,12.1491,8.89613,13.8084,4.64042,7.51973,5.05325,4.99343,9.40825,-0.0792097,9.40934,15.6206,11.2249,5.00924,8.14272,2.9698,2.43935,5.26754,4.68458,14.012,16.881,2.78305,17.388,-2.58076,10.4553,6.07158,10.0759,9.90299,2.12204,11.0179,11.7166,11.5172,1.37705,4.12525,9.0113,3.20877,-3.20498,-1.08807,6.18062,5.81708,1.59723,5.78461,-2.28281,5.24962,4.27392
197,4.10473,13.3731,5.54348,8.66812,2.5992,7.77666,4.19561,-4.26313,8.83834,3.31552,3.43548,7.51412,0.128288,3.44369,2.40206,4.80005,3.37392,2.94957,2.05098,6.07979,2.85664,5.70826,2.02366,13.7047,-0.421568,11.6423,4.84253,4.64168,3.68915,8.3005,0.261522,8.52218,4.78517,0.679732,13.4,8.86418,5.15847,7.2941,2.21113,10.1178,7.50375,11.7212,4.58037,7.18653,4.9069,3.93011,8.46491,-0.563653,8.48647,14.9857,9.10775,4.28891,6.6007,2.49921,1.82386,4.38281,4.18977,12.0776,15.7225,2.12573,16.374,-2.917,8.94077,5.05029,9.41181,8.47811,1.37807,9.59422,10.2292,10.4748,1.23078,4.4514,7.69541,2.69053,-3.49141,-1.83352,5.1616,4.72905,1.15476,5.25578,-2.77715,4.43367,3.35289
198,3.41281,11.0321,4.49133,7.04131,1.91976,5.63414,3.83658,-5.07041,7.21821,2.692,2.87397,6.52747,-0.149181,2.51611,1.68687,3.62322,2.54232,2.63183,1.1739,5.93314,2.87522,4.31317,1.45331,10.7909,-0.236843,9.27224,4.54967,3.73898,2.93875,6.57894,0.323588,6.31789,4.34231,0.843527,11.1,7.30533,4.83629,5.09926,1.96275,7.72178,5.72842,9.25155,4.27782,6.72934,4.64555,2.86805,7.12816,-0.966242,7.26184,13.677,6.77912,3.37529,4.83138,1.92625,1.18474,3.27991,3.50902,9.71641,13.7604,1.44058,14.4945,-3.22103,7.31117,3.83949,8.4724,6.7284,0.608259,7.80452,8.18199,8.96533,0.991382,4.6451,6.13373,2.09471,-3.71155,-2.4593,3.99307,3.45697,0.616682,4.57756,-3.2978,3.54109,2.25217
199,2.76314,8.4386,3.3147,5.21041,1.19525,3.24053,3.31791,-5.71454,5.38973,1.97978,2.12246,5.17499,-0.418,1.5139,0.898846,2.33753,1.57814,2.14965,0.259515,5.68321,2.81266,2.76199,0.606897,7.68007,-0.101822,6.62666,4.12835,2.77516,2.09534,4.78034,0.384887,4.11084,3.73744,0.926678,8.51,5.54451,4.46722,2.92193,1.6203,5.12017,3.81014,6.77225,3.82169,6.16089,4.3809,1.76274,5.47078,-1.26427,5.77517,11.8018,4.47496,2.33137,3.13349,1.27702,0.453605,2.12507,2.71999,7.19507,11.2182,0.743175,11.9824,-3.4194,5.47428,2.63087,7.33659,4.85769,-0.176882,5.82721,5.88301,7.09182,0.708576,4.72289,4.33851,1.49679,-3.6798,-2.97073,2.74147,2.16807,-0.0385214,3.67997,-3.73207,2.60754,1.00716
200,2.24425,5.78507,1.94581,3.44883,0.513381,1.01053,2.67602,-6.12621,3.46262,1.21093,1.20748,3.78598,-0.739083,0.545614,0.0485518,1.16663,0.645737,1.56183,-0.614193,5.35346,2.65418,1.12117,-0.244628,4.72759,-0.0201028,4.04068,3.69789,1.71079,1.27057,3.08052,0.46825,2.11119,2.85352,0.944886,5.87,3.71962,4.08167,0.860843,1.14759,2.58966,1.93984,4.40381,3.2282,5.44608,4.13427,0.709724,3.71549,-1.44599,4.14709,9.61018,2.33421,1.32739,1.54879,0.596206,-0.223664,0.979101,1.85731,4.65002,8.57971,0.0901396,9.09723,-3.5768,3.63793,1.46172,6.06753,3.09896,-0.918352,3.95643,3.58492,5.04935,0.425893,4.57406,2.54619,0.780518,-3.57447,-3.28687,1.59865,0.893828,-0.657088,2.72274,-4.0458,1.69207,-0.217735
201,1.74425,3.22777,0.635008,1.73085,-0.135485,-1.13284,2.01234,-6.28798,1.57874,0.483136,0.259062,2.32437,-1.08357,-0.398207,-0.796427,0.210903,-0.357596,0.867593,-1.36633,4.93069,2.42682,-0.423279,-1.0192,2.021,0.0440127,1.69873,3.07707,0.671482,0.496363,1.54227,0.518078,0.354557,1.91388,0.968803,3.44,2.05956,3.7543,-0.976694,0.522464,0.202416,0.257288,2.24813,2.6456,4.55361,3.90867,-0.144824,2.01557,-1.57629,2.57293,7.31925,0.445234,0.406355,0.212301,-0.0402341,-0.772974,-0.0954855,0.951042,2.28884,5.87925,-0.509885,6.26814,-3.62962,1.94329,0.362633,4.80549,1.46484,-1.61714,2.15801,1.54793,3.06128,0.115203,4.30056,0.898763,0.0308815,-3.43718,-3.4684,0.517971,-0.231841,-1.23505,1.81277,-4.28782,0.827581,-1.33318
202,1.28835,0.895979,-0.545418,0.205535,-0.708329,-2.92592,1.29395,-6.20856,-0.122277,-0.200094,-0.722846,0.824965,-1.49731,-1.42733,-1.66606,-0.72672,-1.17766,0.211884,-2.03706,4.37973,2.15224,-1.76015,-1.59092,-0.404493,0.0145395,-0.338769,2.40325,-0.222878,-0.244157,0.175151,0.549542,-1.18938,1.00837,0.9267,1.35,0.567199,3.37465,-2.5199,-0.101944,-1.91979,-1.18624,0.364356,2.11247,3.65223,3.60377,-0.959288,0.396507,-1.69898,1.1854,5.1277,-1.20648,-0.379912,-0.948063,-0.667369,-1.3311,-1.11201,0.0917738,0.177188,3.43613,-1.05606,3.53009,-3.58876,0.32446,-0.636358,3.57172,-0.0146699,-2.19388,0.507329,-0.220184,1.2458,-0.19795,3.82653,-0.558115,-0.776691,-3.24025,-3.55122,-0.435089,-1.26409,-1.78381,0.971806,-4.35762,-0.0545251,-2.31224
203,0.868159,-1.22093,-1.54209,-1.13284,-1.18973,-4.35956,0.567317,-5.95105,-1.62569,-0.75053,-1.66258,-0.424872,-1.8922,-2.34977,-2.49159,-1.59392,-1.84647,-0.327748,-2.57192,3.70681,1.81226,-2.90286,-1.91916,-2.51558,-0.0965926,-2.10521,1.60754,-1.13263,-0.973416,-1.04227,0.514822,-2.52694,0.179432,0.852839,-0.465,-0.731452,2.956,-3.8504,-0.576448,-3.78076,-2.41803,-1.28698,1.6869,2.63105,3.20766,-1.64081,-1.06905,-1.90328,-0.0864519,3.20434,-2.65128,-1.05614,-1.91174,-1.22203,-1.80008,-1.98602,-0.674622,-1.77333,1.28388,-1.51653,1.07205,-3.50604,-1.13928,-1.54311,2.31797,-1.34135,-2.62866,-0.866243,-1.6707,-0.384774,-0.504352,3.25308,-1.9198,-1.57122,-3.15533,-3.60084,-1.27372,-2.15648,-2.26101,0.260447,-4.36738,-0.937787,-3.12011
204,0.401769,-3.07243,-2.46272,-2.34642,-1.58734,-5.60992,-0.162474,-5.58895,-2.94643,-1.26527,-2.43258,-1.32756,-2.28489,-3.24203,-3.2842,-2.30026,-2.47612,-0.657232,-3.0561,2.98686,1.42068,-3.84331,-2.05093,-4.329,-0.280562,-3.60865,0.884922,-1.87108,-1.71101,-2.12781,0.442531,-3.65576,-0.59116,0.643014,-2.09,-1.83326,2.52713,-4.97896,-0.909221,-5.42389,-3.4905,-2.79247,1.2946,1.65757,2.7439,-2.29084,-2.336,-2.19843,-1.26704,1.51445,-3.9122,-1.59399,-2.85785,-1.66551,-2.12316,-2.81242,-1.35335,-3.43745,-0.72265,-1.81668,-1.14775,-3.36189,-2.55016,-2.36816,1.08875,-2.55581,-2.98055,-2.16033,-2.99846,-1.85046,-0.82952,2.59936,-3.02747,-2.30743,-3.08537,-3.64224,-2.15902,-2.90186,-2.67628,-0.245485,-4.28536,-1.84414,-3.74956
205,0.0467981,-4.6317,-3.26523,-3.45504,-1.92431,-6.52874,-0.826185,-5.15436,-4.11972,-1.65905,-3.10678,-2.13518,-2.62389,-3.99796,-3.96222,-3.00937,-2.96036,-0.874259,-3.4415,2.19508,1.02505,-4.68232,-2.06839,-5.84387,-0.487728,-4.86382,0.302927,-2.44797,-2.35235,-3.09888,0.321474,-4.6412,-1.29075,0.35646,-3.52,-2.84414,2.09448,-5.65885,-1.09579,-6.78998,-4.374,-4.10172,0.976691,0.771901,2.24165,-2.8953,-3.45233,-2.51452,-2.32653,-0.0870679,-4.95217,-2.11232,-3.63728,-1.99152,-2.33748,-3.46772,-1.89723,-4.91438,-2.49262,-2.0331,-3.06543,-3.18524,-3.8041,-3.08433,-0.0522734,-3.57591,-3.31853,-3.29727,-4.06542,-3.14593,-1.11534,1.93163,-4.02626,-2.94793,-3.00159,-3.70103,-2.99686,-3.54906,-3.02289,-0.537041,-4.11488,-2.69542,-4.23467
206,-0.277125,-5.88797,-3.94745,-4.37624,-2.19602,-7.09889,-1.38838,-4.68595,-5.12794,-1.9683,-3.64724,-2.54579,-2.86905,-4.62939,-4.42106,-3.56367,-3.29837,-1.00425,-3.79172,1.41058,0.62747,-5.43665,-1.96586,-6.97901,-0.704652,-5.79423,-0.125695,-2.97389,-2.82766,-3.91931,0.18499,-5.41686,-1.89522,-0.00432697,-4.7,-3.77132,1.61559,-6.17128,-1.28479,-7.76881,-5.07459,-5.24763,0.638566,-0.0897227,1.74046,-3.39201,-4.3571,-2.82126,-3.26638,-1.61532,-5.81522,-2.59435,-4.33406,-2.21869,-2.50317,-3.9346,-2.3208,-6.07124,-3.90248,-2.18705,-4.67797,-2.97865,-4.89968,-3.6776,-1.06219,-4.33452,-3.51185,-4.20626,-4.92217,-4.25258,-1.35948,1.40944,-4.80611,-3.48382,-2.95407,-3.63717,-3.66997,-4.03309,-3.26705,-0.734187,-3.92557,-3.40939,-4.54505
207,-0.611383,-6.88063,-4.42066,-5.0572,-2.41623,-7.47873,-1.82547,-4.22578,-5.83933,-2.20484,-3.99195,-2.85798,-3.01232,-4.97224,-4.66714,-3.82446,-3.58289,-1.13301,-4.05846,0.674,0.253778,-5.94224,-1.94015,-7.73668,-0.91841,-6.39113,-0.454086,-3.30475,-3.21484,-4.54527,0.0405905,-5.88228,-2.39393,-0.359052,-5.6,-4.39663,1.20611,-6.55489,-1.44797,-8.50991,-5.5738,-6.0604,0.313305,-0.841282,1.25949,-3.76418,-5.02758,-3.05305,-4.03914,-2.96628,-6.37916,-2.95359,-4.78492,-2.35082,-2.51414,-4.28697,-2.66996,-6.86258,-5.00541,-2.27486,-6.00052,-2.83196,-5.78394,-4.07737,-1.90493,-4.848,-3.6466,-5.04821,-5.42192,-5.13074,-1.56645,0.981382,-5.30908,-3.88164,-2.87993,-3.53853,-4.24135,-4.37118,-3.4319,-0.872847,-3.68827,-3.96554,-4.67871
208,-0.945627,-7.4942,-4.65243,-5.40617,-2.62895,-7.44687,-2.15438,-3.7728,-6.25768,-2.36322,-4.1487,-3.23951,-3.08707,-5.19366,-4.7846,-4.08965,-3.74868,-1.22885,-4.21941,0.00248504,-0.0741652,-6.24787,-1.93976,-8.11828,-1.13159,-6.6721,-0.668177,-3.39164,-3.42965,-4.89887,-0.0745717,-6.09064,-2.69233,-0.674886,-6.15,-4.82932,0.858339,-6.58444,-1.5751,-8.89575,-5.82531,-6.60249,0.0157334,-1.46447,0.810716,-3.93943,-5.42176,-3.16783,-4.58557,-3.98679,-6.61592,-3.16548,-4.99563,-2.43357,-2.47741,-4.55068,-2.91621,-7.3397,-5.74109,-2.35137,-6.89115,-2.66457,-6.51995,-4.3033,-2.58704,-5.12203,-3.64921,-5.51213,-5.68893,-5.7234,-1.71362,0.526247,-5.52898,-4.171,-2.73129,-3.36007,-4.54848,-4.60606,-3.51464,-0.937604,-3.47014,-4.38037,-4.64418
209,-1.24901,-7.75921,-4.74943,-5.53719,-2.83038,-7.36881,-2.39121,-3.33016,-6.49482,-2.46661,-4.114,-3.31777,-3.09815,-5.20845,-4.74459,-4.2292,-3.77738,-1.37972,-4.26719,-0.596027,-0.342056,-6.3132,-2.01548,-8.20331,-1.32612,-6.71459,-0.827893,-3.45973,-3.50134,-5.04932,-0.186019,-6.09409,-2.87533,-0.932195,-6.4,-5.03608,0.515216,-6.51744,-1.70939,-9.01986,-5.84798,-6.91887,-0.275355,-2.03901,0.409549,-4.00403,-5.57414,-3.22372,-4.91257,-4.54467,-6.64941,-3.28662,-4.96565,-2.4288,-2.33051,-4.62524,-3.06102,-7.51279,-6.11166,-2.39945,-7.37264,-2.55935,-6.8975,-4.38545,-3.19061,-5.16611,-3.67486,-5.69555,-5.7618,-5.99896,-1.81896,0.153041,-5.56445,-4.35921,-2.61785,-3.19618,-4.66627,-4.71718,-3.52966,-1.02788,-3.25783,-4.58952,-4.49231
210,-1.49959,-7.76703,-4.75933,-5.5905,-3.02992,-7.25099,-2.5419,-2.9193,-6.55946,-2.53857,-3.99426,-3.27672,-3.07034,-5.09902,-4.6411,-4.2169,-3.74134,-1.52363,-4.20146,-1.10648,-0.571889,-6.26292,-2.14949,-8.10713,-1.46637,-6.64525,-1.00983,-3.42182,-3.50377,-5.05672,-0.271283,-5.9504,-2.93455,-1.15311,-6.39,-5.08777,0.211757,-6.27885,-1.80793,-8.9548,-5.72302,-6.96901,-0.547254,-2.59464,0.0780753,-4.01535,-5.54448,-3.17363,-5.08989,-4.76716,-6.54498,-3.2906,-4.84911,-2.34982,-2.10478,-4.61258,-3.16976,-7.49723,-6.26122,-2.41556,-7.56029,-2.46311,-7.03959,-4.40353,-3.66947,-5.10934,-3.61802,-5.67966,-5.76675,-6.00882,-1.88226,-0.214966,-5.49359,-4.44242,-2.44911,-3.02729,-4.69762,-4.69346,-3.49498,-1.15842,-3.07115,-4.70954,-4.29575
211,-1.67294,-7.63236,-4.85876,-5.52795,-3.22003,-7.02497,-2.6318,-2.53044,-6.48236,-2.60818,-3.92746,-3.32499,-3.00809,-4.98666,-4.52999,-4.16548,-3.62145,-1.71282,-4.08485,-1.51184,-0.742689,-6.12775,-2.33835,-7.95439,-1.56631,-6.57072,-1.19333,-3.41325,-3.50563,-5.01008,-0.35573,-5.77441,-2.90162,-1.33013,-6.27,-4.98353,-0.0607699,-6.09177,-1.87145,-8.77609,-5.56288,-6.88772,-0.784302,-3.03193,-0.223975,-4.0278,-5.45651,-3.08235,-5.13962,-4.88244,-6.34197,-3.24136,-4.70641,-2.22794,-1.89228,-4.59516,-3.14044,-7.40676,-6.17017,-2.48115,-7.52352,-2.36977,-6.94716,-4.41585,-4.00974,-5.00444,-3.59612,-5.54346,-5.68612,-5.88619,-1.92737,-0.566437,-5.3886,-4.42847,-2.25809,-2.89575,-4.70834,-4.63117,-3.43318,-1.30991,-2.90976,-4.79528,-4.09971
212,-1.8693,-7.48221,-4.74899,-5.48608,-3.37208,-6.8485,-2.69806,-2.1782,-6.34142,-2.68196,-3.91343,-3.37213,-2.92077,-4.90642,-4.40359,-4.19424,-3.48554,-1.90794,-3.97133,-1.8664,-0.910585,-6.01598,-2.5376,-7.83479,-1.62131,-6.53546,-1.38827,-3.43594,-3.4785,-4.972,-0.425729,-5.67874,-2.88821,-1.50394,-6.17,-4.90016,-0.330224,-6.00766,-1.97854,-8.58117,-5.41763,-6.71659,-1.00347,-3.38874,-0.490135,-4.02948,-5.38572,-2.99278,-5.17922,-4.98906,-6.20848,-3.21349,-4.66407,-2.08174,-1.7489,-4.51855,-3.05775,-7.30626,-6.03276,-2.57904,-7.4265,-2.28038,-6.7332,-4.45705,-4.23305,-4.90639,-3.51339,-5.35871,-5.61447,-5.77217,-1.96421,-0.786247,-5.31926,-4.37711,-2.08206,-2.74681,-4.7105,-4.56242,-3.36081,-1.47984,-2.74965,-4.83168,-3.94805
213,-1.97579,-7.44311,-4.7848,-5.4639,-3.50301,-6.76763,-2.75585,-1.85645,-6.21188,-2.71686,-3.92717,-3.36182,-2.78976,-4.87961,-4.27369,-4.18475,-3.48493,-2.05147,-3.9272,-2.14244,-1.05994,-5.81777,-2.76072,-7.78198,-1.65875,-6.59636,-1.57532,-3.40476,-3.4904,-4.97041,-0.477199,-5.62915,-2.92409,-1.63814,-6.13,-4.82304,-0.567705,-6.06728,-2.08506,-8.51133,-5.33781,-6.56629,-1.19248,-3.67099,-0.726367,-4.11036,-5.3581,-2.94274,-5.24515,-5.11111,-6.13102,-3.16907,-4.65119,-1.9499,-1.58176,-4.45748,-3.007,-7.22589,-5.89985,-2.70558,-7.35293,-2.20786,-6.70192,-4.49325,-4.34874,-4.87859,-3.46399,-5.25412,-5.50063,-5.71013,-1.97251,-0.961596,-5.32259,-4.31353,-1.9412,-2.67448,-4.78096,-4.4814,-3.31101,-1.63232,-2.62576,-4.90505,-3.83885
214,-2.10046,-7.47625,-4.8342,-5.42402,-3.61751,-6.47212,-2.82207,-1.56606,-6.1624,-2.71178,-3.91739,-3.51502,-2.6568,-4.97087,-4.17436,-4.30363,-3.53046,-2.14584,-3.91016,-2.36882,-1.1775,-5.80283,-2.95888,-7.78245,-1.68379,-6.73212,-1.69397,-3.32383,-3.5474,-4.97535,-0.514523,-5.62853,-3.00965,-1.76378,-6.15,-4.81801,-0.72896,-6.03036,-2.16248,-8.44842,-5.28626,-6.49486,-1.37591,-3.88986,-0.931599,-4.18957,-5.31782,-2.91206,-5.34247,-5.20226,-6.13812,-3.10652,-4.66129,-1.78688,-1.50092,-4.39392,-2.97606,-7.23668,-5.89023,-2.83622,-7.33752,-2.10302,-6.672,-4.54951,-4.41347,-4.87247,-3.40516,-5.20388,-5.46812,-5.67238,-1.96454,-1.17185,-5.28648,-4.29011,-1.8238,-2.5849,-4.77631,-4.46327,-3.27567,-1.72372,-2.5231,-4.95922,-3.76218
215,-2.21377,-7.55496,-4.95436,-5.44424,-3.71886,-6.38988,-2.88995,-1.31569,-6.19403,-2.74341,-3.85876,-3.64989,-2.52549,-5.0382,-4.10438,-4.37103,-3.58343,-2.27006,-3.91411,-2.52495,-1.26253,-5.79628,-3.13807,-7.84237,-1.6825,-6.89218,-1.81895,-3.23306,-3.64172,-5.01956,-0.540914,-5.68436,-3.13596,-1.878,-6.2,-4.83977,-0.88366,-6.0578,-2.2313,-8.41809,-5.27392,-6.53407,-1.57237,-4.11402,-1.11023,-4.30291,-5.32147,-2.91751,-5.45593,-5.27939,-6.203,-3.08116,-4.73328,-1.62922,-1.38564,-4.31815,-2.95066,-7.29687,-5.93536,-2.94338,-7.39676,-2.04904,-6.5933,-4.61053,-4.4654,-4.8817,-3.37399,-5.31788,-5.4765,-5.62967,-1.93583,-1.34462,-5.29365,-4.26223,-1.69475,-2.49302,-4.80214,-4.48243,-3.2421,-1.8435,-2.42977,-5.00792,-3.69794
216,-2.26291,-7.71022,-5.00946,-5.51888,-3.79442,-6.33633,-2.94011,-1.09344,-6.2397,-2.74954,-3.78754,-3.77649,-2.36956,-5.08013,-4.07319,-4.35569,-3.60582,-2.3281,-3.9402,-2.61994,-1.31616,-5.84871,-3.21301,-7.94528,-1.63273,-7.06422,-1.994,-3.2253,-3.76598,-5.08474,-0.566626,-5.76532,-3.25055,-1.97259,-6.29,-4.89281,-0.981609,-6.11953,-2.26192,-8.41738,-5.26945,-6.56888,-1.73237,-4.29995,-1.23929,-4.45329,-5.37215,-2.89775,-5.57191,-5.42349,-6.30213,-3.04272,-4.82064,-1.4531,-1.30899,-4.34341,-2.9735,-7.41567,-6.00917,-2.98126,-7.52598,-1.99665,-6.54995,-4.70288,-4.51641,-4.92282,-3.31814,-5.45777,-5.54491,-5.59987,-1.90243,-1.45546,-5.38288,-4.24441,-1.60084,-2.41584,-4.83771,-4.51994,-3.17911,-1.8888,-2.35154,-5.01003,-3.67847
217,-2.35268,-7.87924,-5.01678,-5.5679,-3.83466,-6.30186,-2.95232,-0.883085,-6.30682,-2.74815,-3.73458,-3.91727,-2.19873,-5.09979,-4.05196,-4.29123,-3.57122,-2.33462,-3.94899,-2.66527,-1.31971,-5.83907,-3.29751,-8.06722,-1.55151,-7.2201,-2.10331,-3.21026,-3.94912,-5.17076,-0.572256,-5.85523,-3.37517,-2.03542,-6.41,-4.93539,-1.0518,-6.35276,-2.22407,-8.40694,-5.33786,-6.60151,-1.85338,-4.34665,-1.33427,-4.60366,-5.42395,-2.89985,-5.66325,-5.63905,-6.34644,-3.01403,-4.87694,-1.24001,-1.3005,-4.41392,-2.92528,-7.53598,-6.10442,-2.98095,-7.71852,-1.92502,-6.53569,-4.78477,-4.57525,-4.973,-3.23777,-5.64864,-5.57065,-5.64581,-1.8688,-1.5323,-5.45347,-4.22044,-1.48253,-2.37073,-4.86981,-4.52349,-3.10937,-1.96316,-2.27143,-5.06418,-3.65969
218,-2.46587,-8.07312,-4.86556,-5.64417,-3.82723,-6.32936,-2.90637,-0.691458,-6.39942,-2.75659,-3.64892,-4.03413,-2.02515,-5.00231,-4.0472,-4.27349,-3.51686,-2.28579,-3.94441,-2.66875,-1.34024,-5.82339,-3.29028,-8.18214,-1.43162,-7.37053,-2.18469,-3.21246,-4.08148,-5.28005,-0.569401,-5.94689,-3.52329,-2.07005,-6.63,-5.13376,-1.11406,-6.52596,-2.10208,-8.46832,-5.40375,-6.54981,-1.93332,-4.29071,-1.37855,-4.68845,-5.49278,-2.90697,-5.75744,-5.86556,-6.42015,-2.95319,-4.99344,-1.01007,-1.29447,-4.54805,-2.8757,-7.68787,-6.23847,-2.93093,-7.85465,-1.81393,-6.60103,-4.85555,-4.64116,-5.01463,-3.14469,-5.77936,-5.58678,-5.77109,-1.82741,-1.56465,-5.62898,-4.16025,-1.37701,-2.27457,-4.91773,-4.53488,-3.02803,-1.95549,-2.18352,-5.05808,-3.63679
219,-2.49648,-8.27451,-4.78094,-5.71927,-3.79127,-6.65837,-2.81998,-0.513462,-6.45737,-2.68942,-3.52842,-4.05041,-1.85892,-4.89053,-4.05595,-4.26413,-3.46145,-2.22138,-3.94355,-2.6055,-1.34853,-5.8107,-3.20331,-8.28526,-1.28754,-7.48211,-2.25357,-3.2378,-4.19817,-5.37999,-0.542198,-5.97347,-3.68604,-2.07471,-6.83,-5.28178,-1.16692,-6.62837,-1.96056,-8.61892,-5.4535,-6.54191,-1.98744,-4.24489,-1.40948,-4.73569,-5.56572,-2.92838,-5.84243,-6.07773,-6.50539,-2.89884,-5.08203,-0.781826,-1.29337,-4.64439,-2.88145,-7.81885,-6.36811,-2.85514,-7.93499,-1.65551,-6.7683,-4.87953,-4.7,-5.04735,-3.04571,-5.83131,-5.56269,-5.91634,-1.76038,-1.5307,-5.80672,-4.05767,-1.28855,-2.14958,-4.94084,-4.52086,-2.94217,-1.88496,-2.09033,-5.06155,-3.59524
220,-2.54116,-8.45594,-4.70312,-5.75085,-3.73696,-6.66188,-2.70834,-0.369437,-6.45765,-2.58172,-3.39147,-4.11393,-1.68751,-4.77005,-4.04826,-4.27256,-3.43729,-2.1195,-3.88877,-2.51956,-1.34242,-5.88654,-3.10225,-8.32163,-1.14299,-7.58661,-2.19311,-3.21089,-4.2892,-5.4266,-0.499943,-5.93682,-3.8731,-2.04831,-7.02,-5.37553,-1.20879,-6.72434,-1.76848,-8.67435,-5.47326,-6.52854,-2.06097,-4.10069,-1.41449,-4.75324,-5.55539,-2.94726,-5.91524,-6.2497,-6.56939,-2.79752,-5.18783,-0.538865,-1.32671,-4.70516,-2.84235,-7.98063,-6.49389,-2.73703,-8.03742,-1.46758,-6.85744,-4.87021,-4.7025,-5.03122,-2.93967,-5.86322,-5.5899,-6.02952,-1.66113,-1.50634,-5.86233,-3.93393,-1.16082,-2.03228,-4.92158,-4.5122,-2.86074,-1.80519,-1.99537,-5.01303,-3.56655
221,-2.52302,-8.56715,-4.68017,-5.76988,-3.66495,-6.77798,-2.58073,-0.249203,-6.43141,-2.47455,-3.21544,-4.2416,-1.53396,-4.52116,-4.05701,-4.23293,-3.38932,-1.99164,-3.83741,-2.40394,-1.29981,-5.88791,-2.99418,-8.30059,-0.987134,-7.60996,-2.10017,-3.13645,-4.31461,-5.42454,-0.450536,-5.89637,-4.04209,-2.01157,-7.19,-5.3696,-1.25487,-6.81171,-1.56007,-8.68563,-5.5162,-6.52612,-2.14251,-3.95699,-1.41533,-4.65837,-5.60855,-2.93003,-5.95275,-6.41697,-6.56977,-2.71512,-5.20939,-0.367937,-1.36496,-4.70654,-2.7942,-8.07831,-6.56769,-2.60763,-8.15078,-1.28739,-6.85492,-4.82611,-4.66694,-5.00137,-2.81143,-5.887,-5.57531,-6.114,-1.53391,-1.47762,-5.87503,-3.7517,-0.967313,-1.86129,-4.90805,-4.48925,-2.74539,-1.73693,-1.87924,-4.99325,-3.52102
222,-2.46413,-8.66047,-4.58521,-5.75632,-3.57849,-6.79729,-2.46158,-0.16843,-6.39734,-2.31446,-3.02036,-4.32782,-1.36431,-4.31771,-4.09163,-4.11518,-3.34877,-1.86337,-3.7671,-2.27781,-1.2419,-5.83494,-2.8227,-8.203,-0.832358,-7.56479,-1.93716,-3.07861,-4.35164,-5.35688,-0.403605,-5.84025,-4.15072,-1.96376,-7.3,-5.23301,-1.2928,-6.93766,-1.34637,-8.66856,-5.48735,-6.49304,-2.21006,-3.69868,-1.43154,-4.58348,-5.59765,-2.8935,-5.95249,-6.58064,-6.51439,-2.64068,-5.20718,-0.213998,-1.39747,-4.72425,-2.75287,-8.07427,-6.62234,-2.43511,-8.2006,-1.11957,-6.79271,-4.7655,-4.63088,-4.93217,-2.68007,-5.75085,-5.49863,-6.15374,-1.38816,-1.40963,-5.91407,-3.53267,-0.837589,-1.70757,-4.84141,-4.44378,-2.57742,-1.6255,-1.78799,-4.90232,-3.47366
223,-2.36928,-8.66252,-4.47855,-5.66497,-3.48614,-6.75004,-2.361,-0.101714,-6.34104,-2.09024,-2.85065,-4.43551,-1.21372,-4.04903,-4.0604,-3.98463,-3.31281,-1.6975,-3.69473,-2.16271,-1.16252,-5.72994,-2.60409,-8.03236,-0.652891,-7.44122,-1.78157,-3.01362,-4.36423,-5.24703,-0.348238,-5.75495,-4.21061,-1.8749,-7.36,-5.10861,-1.30018,-6.97785,-1.15506,-8.537,-5.48559,-6.39426,-2.25393,-3.4487,-1.48037,-4.46124,-5.55209,-2.84523,-5.88777,-6.68839,-6.36658,-2.5924,-5.10059,-0.0770437,-1.47011,-4.71337,-2.68328,-8.03551,-6.70217,-2.26382,-8.24398,-0.972358,-6.6729,-4.64634,-4.57676,-4.85567,-2.55034,-5.64473,-5.38187,-6.11864,-1.23072,-1.39486,-5.86481,-3.31373,-0.748255,-1.59165,-4.72636,-4.34668,-2.37101,-1.50882,-1.71004,-4.77995,-3.4111
224,-2.23856,-8.5782,-4.37867,-5.56606,-3.38189,-6.73291,-2.22591,-0.0533569,-6.24404,-1.9213,-2.64736,-4.47673,-1.08421,-3.73599,-4.0263,-3.77348,-3.23074,-1.50136,-3.61709,-2.03236,-1.07627,-5.49983,-2.30641,-7.79071,-0.454412,-7.22924,-1.56071,-2.98825,-4.30966,-5.10789,-0.303016,-5.62256,-4.19115,-1.75749,-7.34,-5.02109,-1.31022,-6.80376,-0.933686,-8.32863,-5.40928,-6.15315,-2.25048,-3.22564,-1.5254,-4.27072,-5.43257,-2.77767,-5.78058,-6.6954,-6.16074,-2.51387,-5.01355,0.024971,-1.49437,-4.7296,-2.60612,-7.8912,-6.66877,-2.09839,-8.13457,-0.84953,-6.52862,-4.46721,-4.5167,-4.73678,-2.36793,-5.54129,-5.18188,-6.02226,-1.07287,-1.37311,-5.77539,-3.04747,-0.690787,-1.4736,-4.57809,-4.23644,-2.16366,-1.33642,-1.65591,-4.63435,-3.336
225,-2.11181,-8.37717,-4.24295,-5.42042,-3.27965,-6.7427,-2.09424,-0.0173439,-6.08133,-1.73037,-2.43205,-4.38158,-0.981398,-3.40865,-3.92636,-3.54296,-3.2057,-1.34356,-3.48139,-1.88765,-0.992937,-5.25066,-1.98177,-7.48502,-0.262174,-6.91634,-1.34773,-2.97412,-4.18359,-4.93073,-0.25548,-5.41085,-4.10365,-1.61046,-7.19,-4.82886,-1.31754,-6.45185,-0.700219,-8.11225,-5.26519,-5.78942,-2.19552,-3.00682,-1.56321,-4.04144,-5.26557,-2.68664,-5.6077,-6.57068,-5.92897,-2.41548,-4.84363,0.137509,-1.49323,-4.71919,-2.54076,-7.66687,-6.58043,-1.94656,-7.97115,-0.761396,-6.30831,-4.23629,-4.36329,-4.54847,-2.18572,-5.39209,-4.97409,-5.84969,-0.908268,-1.31558,-5.56118,-2.79966,-0.666238,-1.31171,-4.36282,-4.10534,-1.93656,-1.13161,-1.61467,-4.4204,-3.23104
226,-1.94671,-8.05441,-4.03387,-5.2335,-3.16905,-6.50723,-1.9222,0.0187287,-5.82306,-1.5262,-2.24226,-4.28169,-0.878636,-3.02491,-3.77417,-3.27203,-3.1131,-1.17639,-3.28458,-1.73817,-0.901689,-4.90916,-1.67706,-7.08334,-0.0849315,-6.55029,-1.15628,-2.91131,-4.03269,-4.69506,-0.209747,-5.15078,-3.96695,-1.45129,-6.98,-4.58037,-1.33255,-6.27781,-0.475769,-7.72007,-5.04659,-5.40053,-2.09542,-2.82616,-1.58217,-3.79107,-4.9866,-2.58138,-5.37946,-6.39048,-5.59727,-2.28559,-4.62073,0.241545,-1.4757,-4.61867,-2.40906,-7.34638,-6.41742,-1.80002,-7.76755,-0.686076,-6.0183,-3.95638,-4.12429,-4.28639,-2.01689,-5.21333,-4.72508,-5.63346,-0.736453,-1.26066,-5.2227,-2.56751,-0.596089,-1.205,-4.13457,-3.93064,-1.7222,-0.938676,-1.58584,-4.17641,-3.12179
227,-1.75506,-7.63925,-3.84102,-4.97665,-3.03915,-6.15648,-1.76873,0.0750314,-5.50881,-1.29861,-2.04456,-4.1044,-0.796905,-2.56476,-3.57911,-3.10159,-2.87251,-0.992107,-3.06603,-1.59968,-0.804634,-4.5471,-1.44153,-6.61845,0.0695962,-6.09481,-0.938539,-2.82361,-3.75782,-4.40082,-0.176692,-4.85342,-3.78341,-1.3096,-6.73,-4.31708,-1.33021,-5.95599,-0.226339,-7.26133,-4.76328,-5.0259,-1.95231,-2.61604,-1.57333,-3.49741,-4.64804,-2.43588,-5.11604,-6.17284,-5.21994,-2.12273,-4.34735,0.328107,-1.42542,-4.46809,-2.24368,-6.97442,-6.15309,-1.65442,-7.50617,-0.630437,-5.65416,-3.64318,-3.88854,-3.98774,-1.82491,-4.94049,-4.40186,-5.39579,-0.572469,-1.22667,-4.8341,-2.35938,-0.52279,-1.04379,-3.93748,-3.72299,-1.50617,-0.7333,-1.58081,-3.92292,-3.00936
228,-1.53942,-7.18711,-3.56889,-4.62796,-2.88943,-5.73964,-1.60856,0.0958152,-5.14586,-1.07468,-1.84679,-3.86491,-0.731756,-2.18319,-3.37465,-2.85804,-2.7081,-0.833452,-2.81911,-1.49169,-0.704807,-4.15604,-1.22774,-6.1027,0.17876,-5.59007,-0.770467,-2.70582,-3.44273,-4.06357,-0.149613,-4.48812,-3.53292,-1.13329,-6.38,-3.98547,-1.30466,-5.64276,-3.79E-05,-6.77218,-4.4388,-4.6513,-1.77129,-2.3646,-1.54496,-3.26547,-4.21048,-2.27953,-4.80968,-5.86453,-4.84194,-1.9406,-4.06576,0.392454,-1.36452,-4.23814,-2.10217,-6.51179,-5.91808,-1.48629,-7.09625,-0.636395,-5.28005,-3.30348,-3.61365,-3.6261,-1.63762,-4.54889,-3.98375,-5.10816,-0.414902,-1.14818,-4.39914,-2.15073,-0.411355,-0.878218,-3.64939,-3.48532,-1.29625,-0.540636,-1.61318,-3.65171,-2.89527
229,-1.29937,-6.6505,-3.30845,-4.20962,-2.71096,-5.22991,-1.49052,0.101849,-4.75008,-0.820255,-1.67773,-3.63333,-0.678339,-1.86016,-3.12615,-2.60098,-2.48818,-0.664076,-2.57054,-1.40437,-0.607834,-3.78392,-1.0294,-5.52765,0.263177,-5.05769,-0.620451,-2.61644,-3.08253,-3.67867,-0.131035,-4.0832,-3.2491,-0.981243,-5.95,-3.67977,-1.25437,-5.15395,0.157841,-6.16229,-4.11297,-4.2603,-1.5933,-2.17697,-1.54142,-2.99053,-3.77421,-2.07878,-4.45342,-5.45664,-4.46639,-1.77393,-3.70192,0.425626,-1.32247,-3.9643,-1.98814,-6.03244,-5.61272,-1.32627,-6.5978,-0.66394,-4.84137,-2.93949,-3.30967,-3.29301,-1.50148,-4.2091,-3.63604,-4.76933,-0.288415,-1.07142,-3.88238,-1.98615,-0.295729,-0.728171,-3.33933,-3.23352,-1.07718,-0.362926,-1.66473,-3.32041,-2.77816
230,-1.1204,-6.01971,-3.03627,-3.78046,-2.50722,-4.7522,-1.38093,0.0936522,-4.37594,-0.62082,-1.49792,-3.36983,-0.631397,-1.59352,-2.87354,-2.3332,-2.21319,-0.51665,-2.29953,-1.30924,-0.530835,-3.39731,-0.847509,-4.94447,0.337272,-4.48419,-0.438591,-2.47668,-2.71155,-3.27269,-0.114224,-3.67315,-2.92339,-0.852755,-5.39,-3.35109,-1.18919,-4.58166,0.279209,-5.57633,-3.74152,-3.85292,-1.3981,-2.00609,-1.53039,-2.68864,-3.32359,-1.86634,-4.065,-4.98535,-4.07368,-1.61445,-3.38193,0.405476,-1.18878,-3.66983,-1.87816,-5.46095,-5.20383,-1.17203,-5.99502,-0.681599,-4.31686,-2.57521,-2.97911,-2.96627,-1.33299,-3.94684,-3.20725,-4.37267,-0.198861,-1.01037,-3.36157,-1.82829,-0.245857,-0.600877,-2.99041,-2.96862,-0.861424,-0.193122,-1.667,-3.0015,-2.62399
231,-0.957832,-5.3372,-2.69414,-3.35758,-2.27544,-4.23384,-1.26885,0.0876923,-3.97509,-0.446846,-1.34252,-3.007,-0.577219,-1.39551,-2.58981,-2.06459,-2.00132,-0.376644,-2.0295,-1.16473,-0.471798,-3.06303,-0.686132,-4.36476,0.370167,-3.88445,-0.266684,-2.31092,-2.31213,-2.87271,-0.101442,-3.24563,-2.6112,-0.730689,-4.77,-3.08421,-1.10147,-3.92379,0.410083,-5.02311,-3.36684,-3.41381,-1.17894,-1.78361,-1.4557,-2.34588,-2.92241,-1.61877,-3.64466,-4.4995,-3.69045,-1.44551,-2.97854,0.394836,-1.06168,-3.326,-1.73916,-4.82662,-4.72256,-1.01393,-5.3997,-0.634821,-3.73575,-2.22213,-2.58739,-2.63936,-1.2312,-3.65926,-2.88603,-3.91936,-0.141752,-0.972009,-2.8361,-1.69553,-0.261696,-0.498111,-2.61783,-2.65456,-0.684221,-0.0726452,-1.58147,-2.69359,-2.41857
232,-0.784321,-4.62625,-2.30867,-2.98907,-2.01277,-3.62912,-1.15259,0.103184,-3.50772,-0.325876,-1.22665,-2.6356,-0.526289,-1.22708,-2.29611,-1.70425,-1.79965,-0.231242,-1.76432,-1.0165,-0.407757,-2.76188,-0.574263,-3.79598,0.373714,-3.30257,-0.141777,-2.06812,-1.99765,-2.52897,-0.0823159,-2.84922,-2.28877,-0.629683,-4.16,-2.7591,-0.980902,-3.53157,0.477032,-4.40266,-2.96194,-3.11703,-0.980122,-1.60399,-1.32796,-2.00413,-2.57591,-1.34193,-3.22158,-4.04781,-3.29402,-1.33288,-2.59947,0.329331,-0.928105,-2.9514,-1.54497,-4.15028,-4.24351,-0.89584,-4.80769,-0.541119,-3.30557,-1.91008,-2.23818,-2.31947,-1.1356,-3.38973,-2.45992,-3.45308,-0.103686,-0.897853,-2.42159,-1.54554,-0.326254,-0.436859,-2.27594,-2.32801,-0.524707,-0.00733454,-1.36695,-2.36664,-2.13617
233,-0.669167,-3.95225,-1.92193,-2.6368,-1.75712,-3.16059,-1.08514,0.131454,-2.99534,-0.230108,-1.15592,-2.20804,-0.47699,-1.05284,-2.00417,-1.48753,-1.53786,-0.115539,-1.52429,-0.839343,-0.356496,-2.47149,-0.447961,-3.23918,0.343298,-2.74948,-0.0395402,-1.8126,-1.66519,-2.21185,-0.055738,-2.48127,-2.00807,-0.535098,-3.6,-2.49086,-0.825992,-3.01306,0.490582,-3.83764,-2.55133,-2.80386,-0.807518,-1.35858,-1.14702,-1.70468,-2.22434,-1.12635,-2.81746,-3.60036,-2.87649,-1.1907,-2.32507,0.252779,-0.801129,-2.66462,-1.31614,-3.50806,-3.69788,-0.799541,-4.28833,-0.403832,-2.85913,-1.62736,-1.97298,-2.01941,-1.02101,-3.01891,-2.15455,-2.99519,-0.084885,-0.842895,-2.10477,-1.38946,-0.413023,-0.379294,-1.97931,-2.00583,-0.373184,0.10117,-1.08009,-2.04113,-1.82288
234,-0.525084,-3.36058,-1.67128,-2.29662,-1.51891,-2.69877,-0.99501,0.140455,-2.5194,-0.199577,-1.03391,-1.87347,-0.438599,-0.891661,-1.71107,-1.35601,-1.41182,-0.0121535,-1.30574,-0.694059,-0.300759,-2.13182,-0.333608,-2.74041,0.297455,-2.25014,0.00132985,-1.57382,-1.34849,-1.92391,-0.0319209,-2.13225,-1.74079,-0.43837,-3.07,-2.21337,-0.668937,-2.51177,0.484229,-3.31899,-2.20417,-2.49291,-0.667016,-1.10993,-0.924634,-1.48723,-1.91466,-0.939325,-2.42814,-3.1286,-2.47722,-1.05128,-2.04655,0.155695,-0.703644,-2.3104,-1.11143,-2.92532,-3.22906,-0.690349,-3.70942,-0.285209,-2.52445,-1.37741,-1.7227,-1.70944,-0.930947,-2.62872,-1.86437,-2.56196,-0.0684388,-0.704119,-1.77966,-1.20949,-0.420344,-0.345923,-1.68604,-1.71349,-0.253556,0.181743,-0.805167,-1.74713,-1.51906
235,-0.420146,-2.82464,-1.48662,-2.02833,-1.30902,-2.31142,-0.936014,0.135383,-2.14081,-0.179501,-0.93477,-1.64119,-0.391761,-0.768759,-1.45909,-1.21099,-1.27348,0.00427647,-1.11263,-0.601385,-0.242756,-1.83719,-0.259475,-2.26662,0.246995,-1.81976,0.069814,-1.36546,-1.08672,-1.64408,-0.0119249,-1.80695,-1.49752,-0.354493,-2.61,-1.93492,-0.532448,-2.0962,0.402071,-2.79344,-1.85746,-2.13381,-0.578817,-0.908003,-0.743133,-1.2567,-1.64812,-0.797593,-2.0653,-2.68101,-2.11334,-0.903436,-1.76818,0.0918673,-0.61193,-1.93858,-0.968061,-2.49887,-2.76357,-0.606719,-3.15132,-0.20323,-2.16892,-1.1492,-1.48,-1.44943,-0.785599,-2.2761,-1.59574,-2.1699,-0.0536422,-0.55747,-1.51399,-1.06518,-0.367324,-0.276747,-1.45845,-1.45587,-0.160233,0.223637,-0.594869,-1.4532,-1.24831
236,-0.350154,-2.32059,-1.2393,-1.78431,-1.13316,-2.11191,-0.874514,0.115283,-1.8364,-0.150794,-0.826803,-1.47413,-0.344138,-0.650399,-1.22297,-1.08701,-1.083,-0.0304407,-0.944271,-0.504799,-0.205082,-1.53589,-0.16407,-1.84985,0.220726,-1.46264,0.0757367,-1.1287,-0.911289,-1.38442,-0.00490865,-1.52979,-1.26392,-0.294527,-2.19,-1.68047,-0.39526,-1.69996,0.309186,-2.35607,-1.55493,-1.71126,-0.499081,-0.672423,-0.590996,-1.09871,-1.4088,-0.699468,-1.7359,-2.25337,-1.77644,-0.77444,-1.51833,0.0607485,-0.504719,-1.61828,-0.866863,-2.10257,-2.34879,-0.499334,-2.66204,-0.158656,-1.79853,-0.958071,-1.26512,-1.23335,-0.61633,-1.98882,-1.33907,-1.80411,-0.0374445,-0.433512,-1.25512,-0.933711,-0.330201,-0.212152,-1.24355,-1.23975,-0.0486218,0.271189,-0.450739,-1.21398,-1.00825
237,-0.268209,-1.89511,-1.07888,-1.53039,-0.980102,-1.70782,-0.763447,0.111404,-1.56513,-0.114619,-0.730149,-1.23137,-0.298552,-0.585415,-1.05264,-0.931354,-0.898141,-0.060002,-0.803348,-0.42117,-0.175251,-1.3077,-0.0924606,-1.4824,0.212979,-1.1576,0.0956796,-0.948408,-0.70014,-1.15305,-0.00908882,-1.27076,-1.06919,-0.258834,-1.82,-1.4568,-0.287925,-1.37657,0.236927,-1.99736,-1.27439,-1.32813,-0.426119,-0.558962,-0.457523,-0.924826,-1.16868,-0.612257,-1.43443,-1.84989,-1.50245,-0.639042,-1.25957,0.0623158,-0.413902,-1.29814,-0.796898,-1.7318,-1.95877,-0.394301,-2.1926,-0.140999,-1.45535,-0.771225,-1.06083,-1.02473,-0.496164,-1.66218,-1.12004,-1.45828,-0.0334494,-0.365425,-0.997687,-0.815626,-0.322722,-0.183865,-1.0595,-1.01766,0.00254692,0.25019,-0.366027,-1.04994,-0.818899
238,-0.196635,-1.52471,-0.836416,-1.29588,-0.839897,-1.14351,-0.678459,0.0985309,-1.27587,-0.0543759,-0.630683,-1.00134,-0.258218,-0.530492,-0.91579,-0.700505,-0.776516,-0.058613,-0.677524,-0.345194,-0.147102,-1.13521,-0.107704,-1.18366,0.205749,-0.920367,0.104135,-0.772305,-0.560312,-0.964591,-0.0187298,-1.054,-0.872673,-0.235635,-1.49,-1.20546,-0.208632,-1.13885,0.190246,-1.58468,-1.01323,-1.14641,-0.372136,-0.477451,-0.36128,-0.770057,-1.00157,-0.528423,-1.19276,-1.5101,-1.2778,-0.553373,-0.992596,0.0728396,-0.319039,-1.04371,-0.698731,-1.47871,-1.63588,-0.320049,-1.78783,-0.157379,-1.22098,-0.617745,-0.859029,-0.841325,-0.344466,-1.35027,-0.832681,-1.14842,-0.00999451,-0.342738,-0.819829,-0.705916,-0.30361,-0.163635,-0.897216,-0.835093,0.0248225,0.197858,-0.313644,-0.851794,-0.648726
239,-0.1413,-1.16197,-0.651343,-1.11646,-0.716626,-0.979361,-0.585097,0.0830171,-0.9778,-0.0197851,-0.543015,-0.698017,-0.229174,-0.530875,-0.811242,-0.613542,-0.653722,-0.0309169,-0.582066,-0.2886,-0.115628,-0.95087,-0.0868899,-0.920564,0.191322,-0.720854,0.0854063,-0.612758,-0.430527,-0.800712,-0.0199611,-0.862512,-0.708409,-0.214933,-1.19,-1.03363,-0.153278,-0.926849,0.165035,-1.26767,-0.803761,-0.919835,-0.316911,-0.430336,-0.276791,-0.624059,-0.834952,-0.457172,-0.965861,-1.22422,-1.06237,-0.435258,-0.761378,0.0670294,-0.270776,-0.789883,-0.597905,-1.14587,-1.32925,-0.271537,-1.50536,-0.150259,-0.91473,-0.488981,-0.685956,-0.691768,-0.259646,-1.08132,-0.685042,-0.891981,0.0087616,-0.34712,-0.674637,-0.601242,-0.315177,-0.154636,-0.719661,-0.69495,0.03522,0.174476,-0.264729,-0.678278,-0.500016
240,-0.0768922,-0.871816,-0.537583,-0.891667,-0.601289,-0.604588,-0.487559,0.0784751,-0.723549,0.00451122,-0.401532,-0.424795,-0.198937,-0.484398,-0.704348,-0.538876,-0.588016,0.0106787,-0.468129,-0.246527,-0.0902449,-0.738839,-0.099312,-0.706602,0.188723,-0.551838,0.0348588,-0.471683,-0.312426,-0.656734,-0.0187572,-0.687845,-0.574549,-0.205297,-0.948,-0.869032,-0.122053,-0.704181,0.167749,-1.02226,-0.641286,-0.694363,-0.275598,-0.380721,-0.209111,-0.489052,-0.726283,-0.388455,-0.773443,-0.986988,-0.883997,-0.327605,-0.611219,0.0575354,-0.204569,-0.533493,-0.517858,-0.889179,-1.07577,-0.237386,-1.21993,-0.123247,-0.727241,-0.374601,-0.548854,-0.557547,-0.216926,-0.852059,-0.57723,-0.696038,0.0162596,-0.347136,-0.479797,-0.502708,-0.283386,-0.184232,-0.567431,-0.552505,0.0497145,0.141696,-0.217743,-0.519824,-0.373525
241,-0.0573456,-0.656444,-0.441358,-0.741789,-0.492833,-0.351199,-0.414411,0.0512665,-0.534185,-0.00452542,-0.302078,-0.364005,-0.174346,-0.436964,-0.577489,-0.418893,-0.560396,-0.0204007,-0.394505,-0.206867,-0.0630613,-0.577205,-0.119015,-0.541666,0.17122,-0.40242,0.0424811,-0.384811,-0.241792,-0.518329,-0.0156186,-0.554027,-0.462077,-0.183167,-0.77,-0.652114,-0.105409,-0.594979,0.103,-0.801861,-0.508371,-0.416385,-0.23178,-0.346408,-0.171326,-0.364928,-0.604954,-0.322269,-0.60814,-0.761453,-0.732448,-0.230197,-0.492229,0.0564696,-0.135125,-0.336828,-0.443394,-0.716273,-0.848277,-0.221762,-0.985806,-0.0881031,-0.570816,-0.273611,-0.466627,-0.440132,-0.143375,-0.737074,-0.391883,-0.552741,0.0232857,-0.336673,-0.400953,-0.419221,-0.232579,-0.166092,-0.479814,-0.457452,0.0400375,0.0986247,-0.177696,-0.418743,-0.286508
242,-0.0512797,-0.491512,-0.307368,-0.624065,-0.397441,-0.431198,-0.334566,0.0394959,-0.376479,0.0129955,-0.224236,-0.284046,-0.160628,-0.390348,-0.451811,-0.362896,-0.522105,-0.0784997,-0.328559,-0.139029,-0.034748,-0.387603,-0.0894173,-0.405269,0.152694,-0.282045,0.0509448,-0.296123,-0.229026,-0.399656,-0.0139483,-0.434272,-0.377707,-0.164606,-0.612,-0.475223,-0.0671112,-0.42373,0.0572211,-0.618469,-0.425723,-0.1242,-0.189243,-0.162833,-0.144346,-0.294517,-0.493003,-0.26782,-0.475997,-0.561336,-0.589846,-0.187575,-0.368424,0.0711968,-0.0910157,-0.231344,-0.35742,-0.528093,-0.643646,-0.178878,-0.796958,-0.0568132,-0.394736,-0.198104,-0.418219,-0.373837,-0.0857986,-0.672021,-0.330499,-0.428477,0.0214065,-0.245857,-0.314391,-0.335752,-0.211389,-0.109104,-0.427521,-0.372142,0.0574534,0.07206,-0.145532,-0.33816,-0.221626
243,-0.0820713,-0.401674,-0.230874,-0.467646,-0.321772,-0.255073,-0.253065,0.0517813,-0.25599,5.89E-05,-0.179485,-0.151969,-0.149331,-0.346186,-0.371353,-0.319772,-0.458675,-0.104011,-0.260124,-0.0993145,-0.0295583,-0.290467,-0.0357943,-0.28237,0.147019,-0.183977,0.0818687,-0.217313,-0.151334,-0.316346,-0.0145811,-0.350021,-0.316042,-0.138906,-0.488,-0.359119,-0.0382797,-0.329543,0.0345275,-0.468576,-0.340147,0.0968397,-0.157659,-0.0683863,-0.122208,-0.231044,-0.369458,-0.221756,-0.380245,-0.448157,-0.490966,-0.133425,-0.263246,0.076444,-0.0191785,-0.227418,-0.323607,-0.341532,-0.485737,-0.157622,-0.605279,-0.0362666,-0.384742,-0.109883,-0.318065,-0.275014,-0.028707,-0.554809,-0.249248,-0.29925,0.0071144,-0.180362,-0.217962,-0.277326,-0.220853,-0.100745,-0.35119,-0.290672,0.055684,0.0852812,-0.116076,-0.276704,-0.167327
244,-0.101029,-0.30464,-0.0983073,-0.352601,-0.257337,-0.1529,-0.191738,0.0622632,-0.154933,0.0170853,-0.135157,-0.189624,-0.118332,-0.291602,-0.336114,-0.255916,-0.360791,-0.111398,-0.210025,-0.0794854,-0.0198229,-0.175148,-0.0521128,-0.195464,0.134667,-0.125002,0.0542908,-0.141221,-0.139718,-0.245359,-0.0196385,-0.297472,-0.270647,-0.106065,-0.387,-0.253817,-0.0381116,-0.310262,0.0204359,-0.310959,-0.25006,0.196409,-0.121464,-0.0210473,-0.110606,-0.211644,-0.287973,-0.208336,-0.306442,-0.397757,-0.375315,-0.112276,-0.150508,0.0801105,-0.0101991,-0.199509,-0.315623,-0.301567,-0.364589,-0.129294,-0.427539,-0.0351311,-0.36192,-0.0571965,-0.185221,-0.209422,0.0244154,-0.517726,-0.220963,-0.194869,-0.00529804,-0.127963,-0.201717,-0.215022,-0.196506,-0.118467,-0.307052,-0.204735,0.0515738,0.0864832,-0.0969232,-0.209805,-0.146516
245,-0.0600544,-0.210834,-0.0660033,-0.251269,-0.21052,-0.26898,-0.143022,0.063869,-0.0406602,0.0299215,-0.102684,-0.12048,-0.0969972,-0.285288,-0.310272,-0.22981,-0.253465,-0.0774857,-0.160721,-0.055981,-0.0223195,-0.0833797,-0.0568141,-0.121298,0.120264,-0.0942093,-0.0228188,-0.0795122,-0.13361,-0.195904,-0.0134786,-0.24517,-0.218242,-0.0810779,-0.298,-0.244174,-0.0453618,-0.263167,0.0642134,-0.26074,-0.1909,0.260956,-0.0924311,0.00817105,-0.0919768,-0.181147,-0.233913,-0.194919,-0.226449,-0.382353,-0.286833,-0.0770571,-0.0638532,0.0895618,-0.0224331,-0.070644,-0.281637,-0.225575,-0.278002,-0.10854,-0.328981,-0.0459442,-0.29985,-0.0380347,-0.111465,-0.151222,0.0236833,-0.458268,-0.206638,-0.139223,0.0122618,-0.08604,-0.177768,-0.171635,-0.193294,-0.125016,-0.214037,-0.149753,0.0411732,0.0909094,-0.0796943,-0.157931,-0.119494
246,-0.0186561,-0.133153,-0.0299488,-0.156822,-0.177287,-0.140217,-0.116142,0.0692187,0.0233501,0.0206948,-0.0590343,-0.0355289,-0.0688376,-0.203937,-0.282081,-0.177857,-0.212261,-0.0458659,-0.100578,-0.0283363,-0.0257329,0.000761003,-0.0992244,-0.0809901,0.118192,-0.0717534,-0.0736133,-0.0464068,-0.114866,-0.156149,-0.00623657,-0.195404,-0.184161,-0.0493075,-0.244,-0.216955,-0.0398197,-0.17971,0.105168,-0.243956,-0.144048,0.324407,-0.0924108,0.0396627,-0.0660904,-0.130084,-0.204438,-0.176489,-0.173799,-0.341059,-0.237453,-0.0803673,-0.0648725,0.0848086,-0.00693235,0.036991,-0.224358,-0.203289,-0.218831,-0.108025,-0.257474,-0.0347648,-0.227753,-0.0230291,-0.122175,-0.103689,-0.00905128,-0.348855,-0.158656,-0.103876,0.0169404,-0.0607111,-0.0761923,-0.147157,-0.174243,-0.168855,-0.163805,-0.0894588,0.0477474,0.079632,-0.0510804,-0.127898,-0.0991041
247,-0.00475157,-0.0925609,-0.0620226,-0.152795,-0.149189,0.112321,-0.0926268,0.065843,0.021225,0.0256538,-0.0407506,-0.0351538,-0.0475227,-0.133696,-0.233339,-0.108771,-0.235686,-0.0373875,-0.0470557,-0.0202901,-0.0144119,0.0291325,-0.165657,-0.0545443,0.114066,-0.0424534,-0.0287238,-0.0593191,-0.0846016,-0.115237,-0.00443807,-0.15402,-0.155296,-0.0375276,-0.205,-0.11843,-0.0387855,-0.109102,0.0879063,-0.226356,-0.143022,0.397699,-0.0865078,-0.0343397,-0.0464298,-0.126929,-0.171673,-0.159737,-0.132451,-0.212976,-0.206523,-0.0967386,-0.0577089,0.0889968,0.00122308,0.0726035,-0.161518,-0.156482,-0.16368,-0.097414,-0.182622,-0.0435578,-0.167366,-0.0357011,-0.166287,-0.0423622,-0.030269,-0.260516,-0.050564,-0.0761221,0.0262973,-0.0441161,0.019599,-0.123241,-0.140419,-0.157291,-0.126488,-0.0667425,0.0231645,0.0484136,-0.0401857,-0.115606,-0.0742917
248,0.00462341,-0.0384502,-0.133427,-0.198386,-0.115342,0.0903283,-0.087579,0.0928825,0.0114385,0.0661231,-0.0355847,0.0186707,-0.0422891,-0.0786287,-0.19047,-0.0691718,-0.282746,-0.05931,-0.0123257,-0.0276025,-0.00141316,0.048237,-0.166635,-0.0345544,0.114049,-0.0131121,0.0021679,-0.0631544,-0.0406352,-0.0868632,-0.00501961,-0.0779126,-0.13991,-0.0368138,-0.137,-0.0369495,-0.0203916,-0.0042782,0.0766709,-0.204668,-0.131892,0.484114,-0.0684244,-0.00234925,-0.0438832,-0.135646,-0.152,-0.139644,-0.103358,-0.0362365,-0.146569,-0.125243,-0.0523588,0.0973887,0.0273095,0.0289883,-0.114428,-0.16028,-0.0923037,-0.0691122,-0.096685,-0.0293143,-0.0439358,-0.0473938,-0.1799,-0.0366783,-0.0660906,-0.18583,0.0221676,-0.029213,0.0305027,-0.03975,0.0600032,-0.102109,-0.147777,-0.0979866,-0.132052,-0.0634128,0.033542,0.00779346,-0.0390365,-0.0828574,-0.0609228
249,-0.00475285,-0.0362871,-0.136638,-0.15024,-0.0858547,-0.0491597,-0.0749814,0.103654,0.00196338,0.0689022,-0.0463258,0.0792566,-0.0338438,-0.0360578,-0.159934,-0.081845,-0.332366,-0.0581858,0.00711977,-0.0609084,0.00859656,0.00611296,-0.166516,-0.029626,0.125327,-0.00629764,-0.0570282,-0.0598732,-0.0109778,-0.0680504,-0.00954615,-0.0306222,-0.130772,-0.0100402,-0.0776,-0.0221469,-0.0112873,0.0470565,0.0616914,-0.179256,-0.0985086,0.533328,-0.0667294,0.0753163,-0.0298517,-0.116277,-0.122996,-0.0961479,-0.0795633,0.066026,-0.0822267,-0.103839,-0.022601,0.0957905,0.0876158,-0.0288834,-0.114538,-0.0912808,-0.0982951,-0.0639242,0.000627293,-0.00453073,-0.0219871,-0.0348626,-0.127943,-0.00882743,-0.0324623,-0.0858615,0.112865,0.0258251,0.0410221,-0.079067,0.0941476,-0.0748708,-0.138248,-0.0735649,-0.102085,-0.0712459,0.0269555,0.0234509,-0.0336409,-0.0446624,-0.0397267
250,0.0116325,0.0116395,-0.125452,-0.0952817,-0.0659588,-0.0648003,-0.0489666,0.111011,-0.00453208,0.0647037,-0.0349421,0.113682,-0.0270089,-0.0162542,-0.146426,-0.0207005,-0.319511,-0.0731803,0.0100901,-0.0467129,0.0253717,0.0485521,-0.12432,-0.0345292,0.106316,-0.00892779,-0.116596,-0.024948,-0.0384057,-0.053497,-0.00690818,-0.0119596,-0.119837,0.00174032,-0.0157,0.0422232,0.0047437,0.00427755,0.0374179,-0.15371,-0.0457049,0.593477,-0.0352207,0.0377819,-0.0295408,-0.086784,-0.114687,-0.0727269,-0.0671814,0.0608332,-0.00383215,-0.025816,0.00275776,0.0831576,0.0598918,-0.0211599,-0.154719,-0.100454,-0.0697113,-0.050267,0.0717734,0.01593,-0.0597477,-0.0298128,-0.0507732,-0.0231119,0.00587028,-0.0802121,0.132759,0.0424265,0.0316587,-0.0773231,0.0408226,-0.0448615,-0.131886,-0.0638703,-0.100401,-0.0454726,0.038643,0.0404834,-0.0235418,-0.0269305,-0.0400735
251,0.046678,0.0465045,-0.0664886,-0.0395978,-0.0467857,-0.258894,-0.0321852,0.0857032,0.00767062,0.070429,-0.0181416,0.12273,-0.0298136,-0.0483202,-0.121176,0.0460992,-0.254137,-0.0478218,0.0105977,-0.0307777,0.00300319,0.0871137,-0.0745172,-0.00561238,0.104761,-0.0278536,-0.164284,0.0441291,-0.0570353,-0.0412898,-0.00131255,-0.0255153,-0.0954469,0.0142351,0.00452,0.0699605,0.0106403,-0.00427723,0.0380758,-0.155001,-0.0428202,0.604395,-0.0238776,0.089588,-0.0313641,-0.0939751,-0.118684,-0.0668654,-0.0480001,0.00463946,0.0252585,0.008669,-0.0133432,0.0799874,0.048473,0.0558825,-0.184187,-0.0667315,-0.0294555,-0.0305791,0.0859808,-0.000986512,-0.120915,-0.0371881,-0.00475512,-0.0214698,0.0539806,-0.0446005,0.0989642,0.0172475,0.0370294,-0.0703369,-0.00961585,-0.0176368,-0.130802,-0.0585542,-0.0605514,-0.0488484,0.0324969,0.0450624,-0.0188715,-0.0132931,-0.0345536
252,0.0516324,0.0509624,-0.032961,-0.0608395,-0.0412737,-0.258782,-0.0137317,0.0635575,0.0308752,0.047413,-0.000507879,0.216198,-0.0290043,-0.0729836,-0.104147,0.0500484,-0.191489,-0.049925,0.0110427,-0.00623769,-0.0147318,0.0849863,-0.0367424,-0.00901152,0.0960217,-0.019458,-0.105939,0.0821433,-0.0586553,-0.0276337,0.00747664,-0.0387859,-0.0644018,0.0213751,0.0231,0.0634792,0.013149,-0.0106923,0.0427825,-0.133622,-0.0458306,0.656881,-0.0331064,0.0886264,-0.0263634,-0.0583139,-0.0998439,-0.0777195,-0.0366721,-0.0315146,0.0218183,0.0283706,-0.0165619,0.0432022,0.0272855,0.14965,-0.189915,-0.0452754,-0.0321333,-0.0163366,0.0564643,0.00858729,-0.0997191,-0.0431328,0.0176942,-0.0165533,0.0643421,-0.0482555,0.0820398,-0.0071547,0.0272034,-0.0790781,-0.0367916,-0.00930329,-0.109681,-0.0658429,-0.0573101,-0.03743,0.0184639,0.0347037,-0.0039784,-0.0323767,-0.0274217
253,0.0131837,0.0246376,-0.0801523,-0.0739516,-0.0425908,-0.0490751,0.0156162,0.0547455,0.0555436,0.0308508,-0.0102667,0.234286,-0.0157532,-0.0331752,-0.0965125,0.0453786,-0.184673,-0.0140426,0.0250137,0.0287103,-0.0203592,0.0489132,-0.0226647,0.00892747,0.0877983,-0.000525636,-0.0273834,0.0530818,-0.0317808,-0.0193157,0.0102872,-0.0643148,-0.0243342,0.0092373,0.032,0.0582116,0.00497391,-0.0769788,0.0285959,-0.0990929,-0.0410895,0.70827,-0.03226,0.0130954,-0.0296403,-0.0512126,-0.086415,-0.0793793,-0.0342276,0.00789479,-0.0316963,0.0334087,0.00744145,0.0510695,0.0150648,0.135401,-0.164793,0.039715,-0.0630112,-0.00825302,0.0366144,-0.0214049,-0.122871,-0.0453078,0.0407014,0.00740323,0.0808557,-0.0373311,0.0239411,0.0057951,0.0278986,-0.0694693,0.0124469,-0.00708073,-0.0601005,-0.0643341,-0.0500586,-0.0405179,0.00677407,0.045974,0.000231134,-0.0187421,-0.0121693
254,0.00926722,0.00727446,-0.147202,-0.0987388,-0.0332063,-0.0709426,0.0223205,0.0573819,0.0871364,0.00888932,-0.0101807,0.225936,-0.0105332,-0.0512992,-0.100621,0.0143432,-0.192383,0.00719902,0.0011042,-0.00228141,-0.0200865,0.0508699,0.00232264,0.0241033,0.0862462,0.0152733,0.032962,0.0820151,-0.0071202,-0.00487496,0.00253948,-0.0670536,-0.0205586,-0.0318176,0.0277,0.0332745,0.0111665,-0.0577297,0.0169697,-0.0566511,-0.0332325,0.716997,-0.0234423,-0.0357253,-0.0449307,-0.0734696,-0.0739225,-0.0643292,-0.039414,0.0301616,-0.0521147,0.0219852,0.00169354,0.0326826,-0.00692017,0.00785564,-0.131238,0.0519529,-0.0213632,0.00788482,0.0295831,-0.0225689,-0.0488154,-0.0385023,0.0489052,-0.00349063,0.0537049,-0.0354618,-0.015534,0.0430816,0.0197146,-0.0685989,0.0262857,-0.00707985,-0.0358416,-0.0666776,-0.0527869,-0.0563941,0.0124681,0.0805683,0.00256541,-0.0269171,0.0102011
255,-1.29E-05,0.0116496,-0.164051,-0.0838235,-0.0307243,-0.106857,0.00722953,0.0560119,0.0759209,-0.00582518,-0.0311415,0.209579,0.000300882,-0.0652577,-0.0941608,-0.0848818,-0.155978,-0.00322399,-0.00936638,-0.0067086,-0.012677,0.0352072,-0.0170029,0.0199423,0.0887981,0.0163379,-0.0353728,0.0555724,-0.0394181,0.00929016,0.00158246,-0.0759999,-0.0277071,-0.030033,0.018,0.0175656,0.00592938,-0.0555874,-0.015539,-0.0653017,-0.00102381,0.780408,-0.0385375,0.0526988,-0.0417472,-0.067388,-0.0544793,-0.0534604,-0.0403989,-0.00230755,-0.0572119,-0.0476604,0.0377629,0.0221773,-0.0036628,-0.00784789,-0.0772329,0.0542373,-0.0626404,0.00633466,0.0620042,-0.00750873,-0.00196123,-0.0395381,0.0200409,-0.00992306,0.0323182,-0.0231807,-0.0816122,0.0522355,0.0143374,-0.0589892,0.0510844,-0.00208205,-0.0137011,-0.0797002,-0.0407052,-0.0588119,0.0232699,0.11734,0.00411795,-0.0146493,0.0257896
256,-0.00702641,0.0181873,-0.16926,-0.0619395,-0.0341976,0.189994,0.00890461,0.0664454,0.0372441,-0.00481939,-0.0210693,0.178781,-0.00651771,-0.072991,-0.0900496,-0.115397,-0.109469,-0.013123,-0.0223204,-0.0134619,0.00743114,0.0270087,-0.00137478,-0.00351417,0.0585275,0.0290048,-0.0690814,-0.0351175,-0.0722352,0.0288966,0.000262838,-0.0557667,-0.02943,-0.0111118,0.00186,0.0669451,0.00681847,0.0342051,-0.0183012,-0.0567443,0.0243897,0.788036,-0.0334968,0.0648455,-0.0250882,-0.0630133,-0.0635176,-0.0459358,-0.046877,-0.00919175,-0.0699,0.000680926,0.0420456,0.0515605,-0.0158687,-0.0224653,-0.0272771,-0.00774647,-0.0375204,0.00165185,0.0190464,0.0120934,0.00797296,-0.0356922,-0.0424019,-0.0305014,0.0348879,-0.0459009,-0.0798912,0.0191852,0.0218078,0.00917653,0.013834,-0.00319208,-0.0400406,-0.0785901,-0.0330182,-0.0280634,0.0282279,0.144667,0.00826921,-0.0282729,0.0402323
257,-0.0140419,0.0473292,-0.100112,-0.030455,-0.0100627,0.18835,-0.0028281,0.0550422,0.0182808,0.00787171,-0.000933946,0.0875941,-0.0185463,-0.0951474,-0.0606926,-0.0896414,-0.0506169,0.0199765,-0.00835194,0.00956822,-0.00500642,0.047898,-0.00842099,-0.0113855,0.043136,0.0311347,-0.0387131,-0.0652818,-0.057982,0.0254749,-0.00867572,-0.0532137,-0.040641,0.0106656,-0.0317,0.105976,0.00822134,0.113296,0.0103621,-0.0163895,0.0106303,0.751917,-0.0485833,0.0778767,-0.0114315,-0.116556,-0.0753936,-0.0300626,-0.0419661,-0.00272336,-0.071165,-0.0157555,0.0335459,0.0525987,0.0117972,0.0473674,-0.0426616,-0.00315528,0.0290418,0.00637372,0.00470639,0.00763463,0.0116477,-0.0555751,-0.0873545,-0.0338268,0.0494946,-0.055177,-0.049222,-0.0174814,0.0365135,0.0353968,-0.0155276,0.00402428,-0.0958652,-0.0683548,-0.00603626,-0.0156573,0.0162544,0.128503,0.00287004,-0.0487051,0.0631911
258,-0.0186863,0.0600337,-0.0333265,-0.0452356,0.00264193,0.217923,-0.0145573,0.0488039,0.0198572,0.00359564,0.0109263,0.136845,-0.0117267,-0.107615,-0.04484,-0.0507352,0.0291809,0.0175907,-0.00230057,-0.00495019,-0.0178808,0.0577404,0.0122923,-0.0366412,0.0318504,0.0316834,0.00510687,-0.0511094,-0.0153094,0.0120137,-0.00669282,-0.0200182,-0.0450171,0.0249463,-0.0323,0.0929879,0.0127107,0.109013,0.0386248,-0.00319066,-0.00821735,0.736581,-0.0339012,0.0281915,-0.00860909,-0.104009,-0.0522586,-0.0400775,-0.0205913,0.0195467,-0.0536474,0.00723177,0.00144985,0.0347521,0.0183019,0.0432339,-0.058761,-0.0918656,0.0606642,0.00285345,-0.025955,0.0357791,0.103962,-0.0448947,-0.0796268,-0.0266428,0.0407661,-0.0695896,-0.00276251,-0.0271516,0.0269341,0.0231619,-0.00456315,-0.0137364,-0.111643,-0.0594102,-0.0123495,0.00381843,0.0140622,0.105484,-0.00125149,-0.0650457,0.0841733
259,-0.036952,0.0528482,0.000245948,-0.00765677,0.00242552,0.128904,-0.0128797,0.0445477,0.0230442,-0.000875444,-0.00582795,0.0637285,0.000701441,-0.0968837,-0.030162,-0.0370536,0.0209053,0.0302297,-0.00320802,0.00353969,-0.0240353,0.0629708,-0.00271219,-0.0507975,0.0241566,0.00158391,0.0564672,-0.024773,0.00218611,-0.00426044,-0.00727576,0.00144791,-0.0385471,0.0288736,-0.00142,0.0216324,0.0131467,-0.0192361,0.046829,-0.0223631,0.0109413,0.720151,-0.011263,0.015641,-0.0143265,-0.0858804,-0.0188201,0.0033393,-0.00472661,0.0264012,-0.0341361,0.00612042,-0.00230244,0.0321222,0.0402553,0.026237,-0.0604967,-0.07426,0.0423635,-0.00605167,-0.0210813,0.00790959,0.0909708,-0.0403132,-0.00981236,-0.00762488,0.0425652,-0.0169499,0.0374928,-0.00027169,0.0236607,0.0126741,0.0166243,-0.0215038,-0.116883,-0.0990272,-0.0238706,0.0140539,0.0352115,0.0747235,-0.0013021,-0.0187281,0.079523
260,-0.0129124,0.0429076,-0.0217149,0.00538965,0.00810985,-0.237618,0.0105745,0.0286264,0.0308173,-0.0186734,0.00178583,0.0988193,0.00991822,-0.125323,-0.0313357,-0.0493659,0.0414683,0.0289323,-0.0335546,-0.0577359,-0.0296735,0.0800398,-0.0366978,-0.0585159,0.0185152,-0.00793281,0.128403,0.0636864,0.0344164,-0.0124574,-0.00674945,0.0435697,-0.0544626,-0.00290076,-0.00234,-0.0243059,0.0279049,-0.0363321,0.06287,-0.0484694,0.000624339,0.682943,0.00214735,-0.04219,-0.0232311,-0.0503988,-0.00120238,0.016694,-0.0093371,-0.0163512,0.00340146,0.00219032,0.00888393,-0.00668519,0.0304898,-0.0270496,-0.079809,-0.076537,0.0506642,-0.0125875,-0.0467027,8.53E-05,0.109542,-0.0239948,0.0757209,0.0214452,0.0593053,-0.0130594,0.045902,0.00754245,0.0124548,-0.000437059,0.0233481,-0.0203914,-0.083169,-0.0899312,-0.034982,0.00161619,0.0368082,0.0750164,-0.00289041,0.0234924,0.0523552
